produto,tokens_busca,aliases_busca,id_ncm,nome_ncm_por,nome_ncm_esp,nome_ncm_ing,score_por,score_esp,score_ing,token_score_por,token_score_esp,token_score_ing,alias_score_por,alias_score_esp,alias_score_ing,melhor_linguagem,score_match,ja_parametrizado
Abacate,abacate,,08044000,Abacates frescos ou secos,Aguacates frescos o secos,Fresh/dried avocados,0.1094,0.0938,0.0556,0.0,0.0,0.0,0.0,0.0,0.0,por,0.1094,True
Abacate,abacate,,21069090,Outras preparações alimentícias,Las demás preparaciones alimenticias,Other food preparations,0.0658,0.0581,0.05,0.0,0.0,0.0,0.0,0.0,0.0,por,0.0658,True
Abacate,abacate,,20079910,"Geleias e marmelades, de outras frutas","Jaleas y mermeladas, de otros frutos","Jellies, marmalades, of other fruits",0.0455,0.0476,0.061,0.0,0.0,0.0,0.0,0.0,0.0,ing,0.061,True
Abacate,abacate,,20079929,Purês de outras frutas,Los purés de otras frutas,Mashed of other fruits,0.0345,0.0312,0.0517,0.0,0.0,0.0,0.0,0.0,0.0,ing,0.0517,True
Abacate,abacate,,20079990,"Doces, pures e pastas, de outras frutas","Confituras, purés y pastas, de otros frutos","Jams, purée, pastes, of other fruits",0.0455,0.0417,0.05,0.0,0.0,0.0,0.0,0.0,0.0,ing,0.05,True
Abacate,abacate,,20089790,"Misturas de frutas preparadas,conservadas de outro modo","Mezclas de fruta preparadas, conservadas de otro modo","Mixtures of prepared fruit, otherwise preserved",0.0403,0.0424,0.0283,0.0,0.0,0.0,0.0,0.0,0.0,esp,0.0424,True
Abacate,abacate,,21069060,"Caramelos, confeitos, pastilhas e produtos semelhantes, sem açúcar","Caramelos, confites, pastillas y productos simil.s/azúcar","Caramels, sweets, tablets and similar prod., ithout sugar",0.0286,0.0323,0.0417,0.0,0.0,0.0,0.0,0.0,0.0,ing,0.0417,True
Abacate,abacate,,20089710,"Misturas de frutas preparadas em água edulcorada, inclusive corantes","Mezclas de frutas, preparadas en agua edulcorada","Mixtures of fruits, prepared in water sweetened",0.0405,0.037,0.0377,0.0,0.0,0.0,0.0,0.0,0.0,por,0.0405,True
Abacate,abacate,,20098990,"Sucos (sumo) de outras frutas, não fermentado, sem adição de açúcar","Jugo de otras frutas, sin fermentar, sin adición azúcar","Other fruit juice, unfermented, without added sugar",0.0286,0.0333,0.0268,0.0,0.0,0.0,0.0,0.0,0.0,esp,0.0333,True
Abacaxi,abacaxi,,20094100,"Suco (sumo) de abacaxi (ananás), com valor Brix não superior a 20",Jugo de piña con valor brix <= 20,Pineapple juice of a brix value <= 20,1.0,0.0405,0.0366,1.0,0.0,0.0,0.0,0.0,0.0,por,1.0,True
Abacaxi,abacaxi,,20094900,Outros sucos de abacaxi,Los demás jugos de piñas,Other pineapple juices,1.0,0.0323,0.0345,1.0,0.0,0.0,0.0,0.0,0.0,por,1.0,True
Abacaxi,abacaxi,,08043000,Abacaxis frescos ou secos,Piñas frescas o secas,Fresh/dried pineapples,0.1094,0.0536,0.0172,0.0,0.0,0.0,0.0,0.0,0.0,por,0.1094,True
Abacaxi,abacaxi,,20094000,"Sucos de abacaxis (ananases), não fermentados","Jugo de piña, sin fermentar","Pineapple juices, unfermented",0.0714,0.0303,0.0286,0.0,0.0,0.0,0.0,0.0,0.0,por,0.0714,True
Abacaxi,abacaxi,,21069090,Outras preparações alimentícias,Las demás preparaciones alimenticias,Other food preparations,0.0658,0.0581,0.05,0.0,0.0,0.0,0.0,0.0,0.0,por,0.0658,True
Abacaxi,abacaxi,,21069010,Outras preparações para elaboração de bebidas,Las demás preparaciones para la elabor.de bebidas,Other preparations for elaboration of drinks,0.0577,0.0268,0.0392,0.0,0.0,0.0,0.0,0.0,0.0,por,0.0577,True
Abacaxi,abacaxi,,20082090,"Abacaxis (ananases), preparados ou conservados de outro modo",Piñas preparadas o conservadas de otra forma,Pineapples otherwise prepared or preserved,0.0547,0.0392,0.0204,0.0,0.0,0.0,0.0,0.0,0.0,por,0.0547,True
Abacaxi,abacaxi,,20079910,"Geleias e marmelades, de outras frutas","Jaleas y mermeladas, de otros frutos","Jellies, marmalades, of other fruits",0.0341,0.0357,0.0488,0.0,0.0,0.0,0.0,0.0,0.0,ing,0.0488,True
Abacaxi,abacaxi,,21069060,"Caramelos, confeitos, pastilhas e produtos semelhantes, sem açúcar","Caramelos, confites, pastillas y productos simil.s/azúcar","Caramels, sweets, tablets and similar prod., ithout sugar",0.0286,0.0242,0.0417,0.0,0.0,0.0,0.0,0.0,0.0,ing,0.0417,True
Abacaxi,abacaxi,,20082010,"Abacaxis (ananases), preparados ou conservados em água edulcorada, incluindo os xaropes","Piñas preparadas o conservadas en agua edulcorada,  etc","Pineapples prepared/preserved with sweetening water, etc",0.0389,0.0333,0.0242,0.0,0.0,0.0,0.0,0.0,0.0,por,0.0389,True
Abacaxi,abacaxi,,20079990,"Doces, pures e pastas, de outras frutas","Confituras, purés y pastas, de otros frutos","Jams, purée, pastes, of other fruits",0.0341,0.0312,0.0375,0.0,0.0,0.0,0.0,0.0,0.0,ing,0.0375,True
Abacaxi,abacaxi,,20089710,"Misturas de frutas preparadas em água edulcorada, inclusive corantes","Mezclas de frutas, preparadas en agua edulcorada","Mixtures of fruits, prepared in water sweetened",0.0338,0.037,0.0189,0.0,0.0,0.0,0.0,0.0,0.0,esp,0.037,True
Abacaxi,abacaxi,,20098990,"Sucos (sumo) de outras frutas, não fermentado, sem adição de açúcar","Jugo de otras frutas, sin fermentar, sin adición azúcar","Other fruit juice, unfermented, without added sugar",0.0286,0.0333,0.0179,0.0,0.0,0.0,0.0,0.0,0.0,esp,0.0333,True
AcaiCaroco,acai caroco,acai; caroco,20079921,Purês de açaí (Euterpe oleracea),Los purés de acai (Euterpe oleracea),Purees of acai (Euterpe oleracea),1.0,1.0,1.0,0.5,0.5,0.5,1.0,1.0,1.0,por,1.0,False
AcaiCaroco,acai caroco,acai; caroco,08132010,"Ameixas secas, com caroço","Ciruelas secas, con hueso","Dried prunes, not stoned",1.0,0.1,0.0735,0.5,0.0,0.0,1.0,0.0,0.0,por,1.0,False
AcaiCaroco,acai caroco,acai; caroco,08132020,"Ameixas secas, sem caroço","Ciruelas secas, sin hueso","Dried prunes, stoned",1.0,0.0857,0.0667,0.5,0.0,0.0,1.0,0.0,0.0,por,1.0,False
AcaiFruto,acai,acai,20079921,Purês de açaí (Euterpe oleracea),Los purés de acai (Euterpe oleracea),Purees of acai (Euterpe oleracea),1.0,1.0,1.0,1.0,1.0,1.0,1.0,1.0,1.0,por,1.0,True
AcaiFruto,acai,acai,20098990,"Sucos (sumo) de outras frutas, não fermentado, sem adição de açúcar","Jugo de otras frutas, sin fermentar, sin adición azúcar","Other fruit juice, unfermented, without added sugar",0.0224,0.0263,0.0189,0.0,0.0,0.0,0.0,0.0,0.0,esp,0.0263,True
AcaiFruto,acai,acai,20089900,"Outras frutas, partes de plantas, preparadas/conservadas de outro modo","Las dem.frutas, part.de plantas, prepar.o cons.de ot.modo","Fruit and other parts of plants, otherwise prepar/preser",0.0208,0.0169,0.0254,0.0,0.0,0.0,0.0,0.0,0.0,ing,0.0254,True
AcaiFruto,acai,acai,08119000,"Outras frutas não cozidas ou cozidas em água ou vapor, congeladas, mesmo adicionadas de açúcar ou de outros edulcorantes","Los dem.frutos congelados, s/cocer, cocidos en agua/vapor",Oth.fruits froz/uncook/cooked b/steaming/boil.in wat.,0.0123,0.0254,0.0179,0.0,0.0,0.0,0.0,0.0,0.0,esp,0.0254,True
AcaiInsumo,acai,acai,20079921,Purês de açaí (Euterpe oleracea),Los purés de acai (Euterpe oleracea),Purees of acai (Euterpe oleracea),1.0,1.0,1.0,1.0,1.0,1.0,1.0,1.0,1.0,por,1.0,True
Acucar,acucar,,17011100,"Açúcar de cana, em bruto","Azúcar de caña, en bruto","Cane sugar, in crude",1.0,0.0862,0.06,1.0,0.0,0.0,0.0,0.0,0.0,por,1.0,True
Acucar,acucar,,17011300,Açúcar de cana mencionado na nota 2 da posição 1701,Azúcar de caña mencionado en nota 2 de la partida 1701,Cane sugar mentioned in note 2 of heading 1701,1.0,0.0417,0.0288,1.0,0.0,0.0,0.0,0.0,0.0,por,1.0,True
Acucar,acucar,,17011400,Outros açúcares de cana,Otros azúcares de caña,Other cane sugar,0.1034,0.0893,0.0682,0.0,0.0,0.0,0.0,0.0,0.0,por,0.1034,True
Acucar,acucar,,17019100,"Outros açúcares de cana, beterraba, com aromatizante corante","Los dem.azúcares de caña, remolacha, c/aromatiz.colorante",Other cane or beet sugar added flavouring or colouring,0.0469,0.041,0.025,0.0,0.0,0.0,0.0,0.0,0.0,por,0.0469,True
Acucar,acucar,,17019900,"Outros açúcares de cana, beterraba, sacarose químicamente pura, sol.","Los dem.azúc.de caña, remolacha, sacarosa quím.pura, sól.","Other cane/beet sugar/chemically pure sucrose, in solid",0.0429,0.0424,0.0417,0.0,0.0,0.0,0.0,0.0,0.0,por,0.0429,True
Acucar,acucar,,84383000,Máquinas e aparelhos para a indústria de açúcar,Máquinas y aparatos para la industria azucarera,Machinery for sugar manufacture,1.0,0.0472,0.0676,1.0,0.0,0.0,0.0,0.0,0.0,por,1.0,False
Acucar,acucar,,82151000,"Colheres, garfos, conchas, escumadeiras, pás para tortas, facas especiais para peixe ou para manteiga, pinças para açúcar e artefatos semelhantes, sortidos que contenham pelo menos um objeto prateado, dourado ou platinado","Juego de cuchara, etc.de met.com., c>=1 plat/dor/platin.","Assortment spoon, etc.base metals, c>=1 silv/gold/platin.",1.0,0.0439,0.0339,1.0,0.0,0.0,0.0,0.0,0.0,por,1.0,False
Acucar,acucar,,20098900,"Sucos (sumo) de outras frutas, não fermentado, sem adição de açúcar","Jugo (sumo) de otras frutas,sin fermentar, sin endulzar","Juice of other fruits, not fermented, not sweetened",1.0,0.0345,0.0273,1.0,0.0,0.0,0.0,0.0,0.0,por,1.0,False
Acucar,acucar,,12129200,"Cana-de-açúcar fresca, refrigerada, congelada, seca, em pó","Caña de azúcar fresca, refrig.congel.seca, en polvo","Sugar cane (fresh,  chillen,  frozen,  dry,  powder)",1.0,0.0455,0.0417,1.0,0.0,0.0,0.0,0.0,0.0,por,1.0,False
Acucar,acucar,,12129300,"Cana-de-açúcar, fresca, regrigerada, congelada ou seca","Caña de azúcar, fresca, refrigerada, congelada o seca","Cane sugar, fresh, chilled, frozen or dried",1.0,0.0446,0.0326,1.0,0.0,0.0,0.0,0.0,0.0,por,1.0,False
Acucar,acucar,,17011200,"Açúcar de beterraba, em bruto","Azúcar de remolacha, en bruto","Beet sugar, in crude",1.0,0.0735,0.06,1.0,0.0,0.0,0.0,0.0,0.0,por,1.0,False
Acucar,acucar,,17022000,"Açúcar e xarope, de bordo (ácer)","Azúcar y jarabe, de arce",Maple sugar and maple syrup,1.0,0.0862,0.0606,1.0,0.0,0.0,0.0,0.0,0.0,por,1.0,False
Acucar,acucar,,17024010,"Glicose que contenha, em peso, no estado seco, um teor de frutose (levulose) igual ou superior a 20 % e inferior a 50 %, com exceção do açúcar invertido",Glucosa c/cont.de fruct.sob.prod.seco 20%<=en peso<50%,"Glucose contan.dry state, 20%<=weight<50% of fructose",1.0,0.0351,0.0364,1.0,0.0,0.0,0.0,0.0,0.0,por,1.0,False
Acucar,acucar,,20060000,"Produtos hortícolas, frutas, cascas de frutas e outras partes de plantas, conservados com açúcar (passados por calda, glaceados ou cristalizados)","Las dem.hortalizas, frutas y cortezas, etc, confit.c/azúc.","Vegetables fruit, fruit-pee, etc.preserved by sugar",1.0,0.0333,0.0455,1.0,0.0,0.0,0.0,0.0,0.0,por,1.0,False
Acucar,acucar,,20071000,"Preparações homogeneizadas de frutas, obtidos por cozimento, com ou sem adição de açúcar ou de outros edulcorantes","Prepar.homogeneizadas de frut.obt.p/cocción, p/alim.inf.","Homogenised preparations of fruit, forcooked, forinfant use",1.0,0.0167,0.0159,1.0,0.0,0.0,0.0,0.0,0.0,por,1.0,False
Acucar,acucar,,04041000,"Soro de leite, modificado ou não, mesmo concentrado ou adicionado de açúcar ou de outros edulcorantes","Lactosuero, inc.concentrado, c/edulcorante","Whey and modified whey, whether or n/concent.added sugar",1.0,0.0652,0.041,1.0,0.0,0.0,0.0,0.0,0.0,por,1.0,False
Acucar,acucar,,17024020,"Xarope de glicose, que contenham, em peso, no estado seco, um teor de frutose (levulose) igual ou superior a 20 % e inferior a 50 %, com exceção do açúcar invertido",Jarabe gluc.c/cont.de fruct.sob.pr.seco 20%<=en p.<50%,"Glucose syrup contan.dry state, 20%<=weight<50%fructose",1.0,0.0357,0.0345,1.0,0.0,0.0,0.0,0.0,0.0,por,1.0,False
Acucar,acucar,,17026010,"Frutose que contenha, em peso, no estado seco, um teor de frutose (levulose) superior a 50 %, com exceção do açúcar invertido","Fructosa c/cont.de fruct.sob.prod.seco, >50%en peso","Fructose contan.dry state, weight>50% of fructose",1.0,0.0364,0.0377,1.0,0.0,0.0,0.0,0.0,0.0,por,1.0,False
Acucar,acucar,,17026020,"Xarope de frutose, que contenha, em peso, no estado seco, um teor de frutose (levulose) superior a 50 %, com exceção do açúcar invertido","Jarabe fruct.c/cont.de fruct.sob.prod.seco, >50%en peso","Glucose syrup contan.dry state, weight>50%of fructose",1.0,0.0339,0.0345,1.0,0.0,0.0,0.0,0.0,0.0,por,1.0,False
Acucar,acucar,,17039000,Outros melaços da extração ou refinação do açúcar,Las dem.melazas de la extracción o refinac.del azúcar,Molasses resulting from the extraction or refining sug.,1.0,0.0508,0.025,1.0,0.0,0.0,0.0,0.0,0.0,por,1.0,False
Acucar,acucar,,17041000,"Gomas de mascar, mesmo revestidas de açúcar, sem cacau","Chicles, sin cacao, incluso recubiertos de azúcar","Chewing gums, without cocoa, whether or n/sugar-coated",1.0,0.0566,0.0345,1.0,0.0,0.0,0.0,0.0,0.0,por,1.0,False
Acucar,acucar,,04011010,"Leite UHT (Ultra High Temperature), com um teor, em peso, de matérias gordas, não superior a 1 %, não concentrados nem adicionados de açúcar ou de outros edulcorantes","Leche uht, cont.materia grasa<=1%, s/concentr.ni edulcor.",Milk/cream fat content by weight<=1% n/concent.n/sug.,1.0,0.0431,0.0268,1.0,0.0,0.0,0.0,0.0,0.0,por,1.0,False
Acucar,acucar,,04011090,"Outros leites e cremes, com um teor, em peso, de matérias gordas, não superior a 1 %, não concentrados nem adicionados de açúcar ou de outros edulcorantes","Las dem.leches y cremas, mat.grasa<=1%, s/conc.ni edulc.",Other milk/cream fat content by weight<=1% n/conc.n/sug,1.0,0.0351,0.0254,1.0,0.0,0.0,0.0,0.0,0.0,por,1.0,False
Acucar,acucar,,04012010,"Leite UHT (Ultra High Temperature), com um teor, em peso, de matérias gordas, superior a 1 %, mas não superior a 6 %, não concentrados nem adicionados de açúcar ou de outros edulcorantes","Leche uht, 1%<materia grasa<=6%, s/concentrar ni edulcor",Milk/cream  fat cont.b/wei exceed.1%but n/6%n/con.n/sug,1.0,0.0439,0.0333,1.0,0.0,0.0,0.0,0.0,0.0,por,1.0,False
Acucar,acucar,,04012090,"Outros leites e cremes, com um teor, em peso, de matérias gordas, superior a 1 %, mas não superior a 6 %, não concentrados nem adicionados de açúcar ou de outros edulcorantes","Las dem.leches y cremas, 1%<mat.grasa<=6%, s/conc.ni edul",Oth.milk/cream fat cont.b/wei exc.1%but n/6%n/con n/sug,1.0,0.0259,0.0328,1.0,0.0,0.0,0.0,0.0,0.0,por,1.0,False
Amendoim,amendoim,,23050000,"Tortas e outros resíduos sólidos, mesmo triturados ou em pellets, da extração do óleo de amendoim","Tortas y demás residuos sólidos, del aceite de cacahuete","Oil-cake and other solid residues, of peanut",1.0,0.0476,0.0588,1.0,0.0,0.0,0.0,0.0,0.0,por,1.0,True
Amendoim,amendoim,,15081000,"Óleo de amendoim, em bruto","Aceite de cacahuete,  en bruto","Ground-nut oil, in crude",1.0,0.0556,0.0645,1.0,0.0,0.0,0.0,0.0,0.0,por,1.0,True
Amendoim,amendoim,,15089000,Outros óleos de amendoim,Los demás aceites de cacahuete,Other ground-nut oil,1.0,0.0395,0.0893,1.0,0.0,0.0,0.0,0.0,0.0,por,1.0,True
Amendoim,amendoim,,44079960,"Madeira de amendoim (Pterogyne nitens), serrada ou fendida longitudinalmente, cortada transversalmente ou desenrolada, mesmo aplainada, lixada ou unida pelas extremidades, de espessura superior a 6 mm","Madera de cacahuete, aserrada/cort.en hjs.etc.esp>6mm","Vivaro wood, sawn/cut in sheets, etc.thick.>6mm",1.0,0.0333,0.0288,1.0,0.0,0.0,0.0,0.0,0.0,por,1.0,False
Arroz,arroz,,10061010,"Arroz com casca (arroz paddy), para semeadura","Arroz (""paddy"") con cáscara, para siembra","Rice in the husk (paddy), for sowing",1.0,1.0,0.0395,1.0,1.0,0.0,0.0,0.0,0.0,por,1.0,True
Arroz,arroz,,10061091,"Arroz com casca (arroz paddy), parboilizado","Arroz (""paddy"") con cáscara, parboilizado (estufado)","Rice in the husk (paddy), parboiled (stewed)",1.0,1.0,0.0341,1.0,1.0,0.0,0.0,0.0,0.0,por,1.0,True
Arroz,arroz,,10061092,"Arroz com casca (arroz paddy), não parboilizado","Arroz (""paddy"") con cáscara, no parboilizado","Rice in the husk (paddy), parboiled (n/stewed)",1.0,1.0,0.0326,1.0,1.0,0.0,0.0,0.0,0.0,por,1.0,True
Arroz,arroz,,10062010,"Arroz descascado (arroz cargo ou castanho), descascado, parboilizado","Arroz (""cargo"" o castaño),  descascarillado, parboilizado","Husked (brown) shelled, parboiled",1.0,1.0,0.0429,1.0,1.0,0.0,0.0,0.0,0.0,por,1.0,True
Arroz,arroz,,10062020,"Arroz descascado (arroz cargo ou castanho), não parboilizado","Arroz(""cargo"" o castaño), descascarillado, no parboiliz.","Husked (brown) shelled, not parboiled",1.0,1.0,0.0385,1.0,1.0,0.0,0.0,0.0,0.0,por,1.0,True
Arroz,arroz,,10063011,"Arroz semibranqueado ou branqueado, parboilizado, polido ou brunido","Arroz semiblaqueado, etc, parbolizado, pulido o glaseado","Semi-milled/wholly milled rice, etc.parboiled/polished",1.0,1.0,0.0259,1.0,1.0,0.0,0.0,0.0,0.0,por,1.0,True
Arroz,arroz,,10063019,"Outros tipode de arroz semibranqueado ou branqueado, parboilizado","Otros tipos de arroz semiblanqueado,  etc,  parbolizado","Ot.kind of semi-milled/wholly milled rice, etc.parboiled",1.0,1.0,0.025,1.0,1.0,0.0,0.0,0.0,0.0,por,1.0,True
Arroz,arroz,,10063021,"Arroz semibranqueado ou branqueado, não parboilizado, polido ou brunido","Arroz semiblaqueado, etc, parbolizado, pulido o glaseado","Semi-mil/wholly milled rice, etc.not parboiled, polished",1.0,1.0,0.0254,1.0,1.0,0.0,0.0,0.0,0.0,por,1.0,True
Arroz,arroz,,11023000,Farinha de arroz,Harina de arroz,Rice flour,1.0,1.0,0.0667,1.0,1.0,0.0,0.0,0.0,0.0,por,1.0,True
Arroz,arroz,,11031400,"Grumos e sêmolas, de arroz","Grañones y sémolas, de arroz",Rice groats and meal,1.0,1.0,0.06,1.0,1.0,0.0,0.0,0.0,0.0,por,1.0,True
Arroz,arroz,,10063029,"Outros tipode de arroz semibranqueado ou branqueado, não parboilizado","Los dem.tipos de arroz semiblanqueado, etc, n/parbolizado","Ot.kind of semi-mil/wholly milled rice, etc.not parboiled",1.0,1.0,0.0246,1.0,1.0,0.0,0.0,0.0,0.0,por,1.0,True
Arroz,arroz,,10064000,Arroz quebrado,Arroz partido,Broken rice,1.0,1.0,0.0625,1.0,1.0,0.0,0.0,0.0,0.0,por,1.0,True
Arroz,arroz,,23022010,Farelo de arroz,Moyuelo de arroz,Sharps of rice,1.0,1.0,0.0789,1.0,1.0,0.0,0.0,0.0,0.0,por,1.0,True
Arroz,arroz,,23022090,"Sêmeas e outros resíduos, de arroz","Salvados y demás residuos del cernido, de arroz","Bran and other residues, of rice",1.0,1.0,0.0556,1.0,1.0,0.0,0.0,0.0,0.0,por,1.0,True
Arroz,arroz,,21069090,Outras preparações alimentícias,Las demás preparaciones alimenticias,Other food preparations,0.0417,0.0366,0.0536,0.0,0.0,0.0,0.0,0.0,0.0,ing,0.0536,True
Banana,banana,,20079923,Purês de banana (Musa spp.),Puré de plátano (Musa spp.),Mashed banana (Musa spp.),1.0,0.05,1.0,1.0,0.0,1.0,0.0,0.0,0.0,por,1.0,True
Banana,banana,,08030000,Bananas frescas ou secas,Plátanos frescos o secos,Fresh or dried bananas,0.1,0.0333,0.1071,0.0,0.0,0.0,0.0,0.0,0.0,ing,0.1071,True
Banana,banana,,08031000,"Bananas-da-terra, frescas ou secas","Plátanos de la tierra, frescos o secos","Bananas-of-the-earth, fresh or dried",0.0769,0.0465,0.0732,0.0,0.0,0.0,0.0,0.0,0.0,por,0.0769,True
Banana,banana,,21069090,Outras preparações alimentícias,Las demás preparaciones alimenticias,Other food preparations,0.0405,0.0595,0.0345,0.0,0.0,0.0,0.0,0.0,0.0,esp,0.0595,True
Banana,banana,,08039000,"Bananas frescas ou secas, exceto bananas-da-terra","Plátanos frescos o secos, excepto plátano de la tie.","Bananas fresh or dried, except bananas-of-the-earth",0.0556,0.0446,0.0536,0.0,0.0,0.0,0.0,0.0,0.0,por,0.0556,True
Banana,banana,,20098990,"Sucos (sumo) de outras frutas, não fermentado, sem adição de açúcar","Jugo de otras frutas, sin fermentar, sin adición azúcar","Other fruit juice, unfermented, without added sugar",0.0362,0.0424,0.0182,0.0,0.0,0.0,0.0,0.0,0.0,esp,0.0424,True
Banana,banana,,21069060,"Caramelos, confeitos, pastilhas e produtos semelhantes, sem açúcar","Caramelos, confites, pastillas y productos simil.s/azúcar","Caramels, sweets, tablets and similar prod., ithout sugar",0.029,0.0328,0.0424,0.0,0.0,0.0,0.0,0.0,0.0,ing,0.0424,True
Banana,banana,,21069010,Outras preparações para elaboração de bebidas,Las demás preparaciones para la elabor.de bebidas,Other preparations for elaboration of drinks,0.0392,0.0182,0.04,0.0,0.0,0.0,0.0,0.0,0.0,ing,0.04,True
Banana,banana,,20089710,"Misturas de frutas preparadas em água edulcorada, inclusive corantes","Mezclas de frutas, preparadas en agua edulcorada","Mixtures of fruits, prepared in water sweetened",0.0137,0.0377,0.0385,0.0,0.0,0.0,0.0,0.0,0.0,ing,0.0385,True
Banana,banana,,20079990,"Doces, pures e pastas, de outras frutas","Confituras, purés y pastas, de otros frutos","Jams, purée, pastes, of other fruits",0.0349,0.0319,0.0256,0.0,0.0,0.0,0.0,0.0,0.0,por,0.0349,True
Banana,banana,,20089790,"Misturas de frutas preparadas,conservadas de outro modo","Mezclas de fruta preparadas, conservadas de otro modo","Mixtures of prepared fruit, otherwise preserved",0.0328,0.0345,0.0096,0.0,0.0,0.0,0.0,0.0,0.0,esp,0.0345,True
BuritiFruto,buriti,,21069090,Outras preparações alimentícias,Las demás preparaciones alimenticias,Other food preparations,0.0676,0.0476,0.0517,0.0,0.0,0.0,0.0,0.0,0.0,por,0.0676,True
BuritiFruto,buriti,,20079929,Purês de outras frutas,Los purés de otras frutas,Mashed of other fruits,0.0536,0.0484,0.0536,0.0,0.0,0.0,0.0,0.0,0.0,por,0.0536,True
BuritiFruto,buriti,,20079990,"Doces, pures e pastas, de outras frutas","Confituras, purés y pastas, de otros frutos","Jams, purée, pastes, of other fruits",0.0349,0.0319,0.0513,0.0,0.0,0.0,0.0,0.0,0.0,ing,0.0513,True
BuritiFruto,buriti,,20089710,"Misturas de frutas preparadas em água edulcorada, inclusive corantes","Mezclas de frutas, preparadas en agua edulcorada","Mixtures of fruits, prepared in water sweetened",0.0274,0.0189,0.0481,0.0,0.0,0.0,0.0,0.0,0.0,ing,0.0481,True
BuritiFruto,buriti,,20089790,"Misturas de frutas preparadas,conservadas de outro modo","Mezclas de fruta preparadas, conservadas de otro modo","Mixtures of prepared fruit, otherwise preserved",0.0246,0.0259,0.0481,0.0,0.0,0.0,0.0,0.0,0.0,ing,0.0481,True
BuritiFruto,buriti,,20098990,"Sucos (sumo) de outras frutas, não fermentado, sem adição de açúcar","Jugo de otras frutas, sin fermentar, sin adición azúcar","Other fruit juice, unfermented, without added sugar",0.0217,0.0424,0.0364,0.0,0.0,0.0,0.0,0.0,0.0,esp,0.0424,True
BuritiFruto,buriti,,20079910,"Geleias e marmelades, de outras frutas","Jaleas y mermeladas, de otros frutos","Jellies, marmalades, of other fruits",0.0349,0.0244,0.0375,0.0,0.0,0.0,0.0,0.0,0.0,ing,0.0375,True
BuritiFruto,buriti,,21069060,"Caramelos, confeitos, pastilhas e produtos semelhantes, sem açúcar","Caramelos, confites, pastillas y productos simil.s/azúcar","Caramels, sweets, tablets and similar prod., ithout sugar",0.029,0.0328,0.0339,0.0,0.0,0.0,0.0,0.0,0.0,ing,0.0339,True
BuritiFruto,buriti,,21069010,Outras preparações para elaboração de bebidas,Las demás preparaciones para la elabor.de bebidas,Other preparations for elaboration of drinks,0.0294,0.0273,0.03,0.0,0.0,0.0,0.0,0.0,0.0,ing,0.03,True
CacauAmendoa,cacau,cacau; cocoa,18010000,"Cacau inteiro ou partido, em bruto ou torrado","Cacao entero o partido, crudo o tostado","Cocoa (whole or broken), raw or roasted",1.0,0.0581,1.0,1.0,0.0,0.0,1.0,0.0,1.0,por,1.0,True
CacauAmendoa,cacau,cacau; cocoa,21069090,Outras preparações alimentícias,Las demás preparaciones alimenticias,Other food preparations,0.0417,0.0366,0.0357,0.0,0.0,0.0,0.0,0.0,0.0,por,0.0417,True
CacauAmendoa,cacau,cacau; cocoa,20079929,Purês de outras frutas,Los purés de otras frutas,Mashed of other fruits,0.037,0.0333,0.037,0.0,0.0,0.0,0.0,0.0,0.0,por,0.037,True
CacauAmendoa,cacau,cacau; cocoa,84382090,Máquinas e aparelhos para indústria de cacau ou de chocolate,Máquinas y aparatos p/elab.de cacao o la fabr.chocolate,Machinery for the manufacture cocoa or chocolate,1.0,0.0333,1.0,1.0,0.0,0.0,1.0,0.0,1.0,por,1.0,False
CacauAmendoa,cacau,cacau; cocoa,17041000,"Gomas de mascar, mesmo revestidas de açúcar, sem cacau","Chicles, sin cacao, incluso recubiertos de azúcar","Chewing gums, without cocoa, whether or n/sugar-coated",1.0,0.0481,1.0,1.0,0.0,0.0,1.0,0.0,1.0,por,1.0,False
CacauAmendoa,cacau,cacau; cocoa,17049010,"Chocolate branco, sem cacau","Chocolate blanco, sin cacao","White chocolate, not containing cocoa",1.0,0.0645,1.0,1.0,0.0,0.0,1.0,0.0,1.0,por,1.0,False
CacauAmendoa,cacau,cacau; cocoa,17049020,"Caramelos, confeitos, dropes, pastilhas, e produtos semelhantes, sem cacau","Bombones, caramelos, confites y pastillas, sin cacao","Chocolates, caramels, sweets, tablets, not containing cocoa",1.0,0.037,1.0,1.0,0.0,0.0,1.0,0.0,1.0,por,1.0,False
CacauAmendoa,cacau,cacau; cocoa,19019090,"Outras preparações alimentícias de farinhas, etc, cacau < 40%","Las dem.prepar.alimenticias de harina, etc, cacao<40%","Other food preparations of flour, etc.cocoa<40%",1.0,0.0364,1.0,1.0,0.0,0.0,1.0,0.0,1.0,por,1.0,False
CacauAmendoa,cacau,cacau; cocoa,18063220,"Outras preparações alimentícias com cacau, não recheadas, em tabletes, etc.","Las dem.prep.alimenticias, s/rellenar en tabletas, etc","Oth.food prepar.containing cocoa, not filled, tablets, etc",1.0,0.0263,1.0,1.0,0.0,0.0,1.0,0.0,1.0,por,1.0,False
CacauAmendoa,cacau,cacau; cocoa,18069000,Outros chocolates e preparações alimentícias contendo cacau,Demás chocolates y prepar.alimenticias con cacao,Other chocolate and  food preparations containing cocoa,1.0,0.0377,1.0,1.0,0.0,0.0,1.0,0.0,1.0,por,1.0,False
CacauAmendoa,cacau,cacau; cocoa,21050010,"Sorvetes, mesmo que contenham cacau, em embalagens imediatas de conteúdo inferior ou igual a 2 kg","Helados, incluso c/cacao, env.inmediatos, de cont.<=2kg","Ice cream, whether or n/contain.cocoa, immed.pack.w<=2kg",1.0,0.0364,1.0,1.0,0.0,0.0,1.0,0.0,1.0,por,1.0,False
CacauAmendoa,cacau,cacau; cocoa,21050090,"Outros sorvetes, mesmo que contenham cacau","Los demás helados, incluso con cacao","Other ice cream, even containing cocoa",1.0,0.05,1.0,1.0,0.0,0.0,1.0,0.0,1.0,por,1.0,False
CacauAmendoa,cacau,cacau; cocoa,17049090,"Outros produtos de confeitaria, sem cacau","Los demás productos de confitería, sin cacao","Oth.products sugar confectionery, no cocoa",1.0,0.0417,1.0,1.0,0.0,0.0,1.0,0.0,1.0,por,1.0,False
CacauAmendoa,cacau,cacau; cocoa,18020000,"Cascas, películas e outros desperdícios de cacau","Cáscaras, películas y demás desechos de cacao","Cocoa shells, husks, skins and other cocoa waste",1.0,0.0408,1.0,1.0,0.0,0.0,1.0,0.0,1.0,por,1.0,False
CacauAmendoa,cacau,cacau; cocoa,18031000,"Pasta de cacau, não desengordurada","Pasta de cacao, sin desgrasar","Cocoa paste, not defatted",1.0,0.0606,1.0,1.0,0.0,0.0,1.0,0.0,1.0,por,1.0,False
CacauAmendoa,cacau,cacau; cocoa,18032000,"Pasta de cacau, total ou parcialmente desengordurada","Pasta de cacao, desgrasada total o parcialmente","Cocoa paste, wholly or partly defatted",1.0,0.0392,1.0,1.0,0.0,0.0,1.0,0.0,1.0,por,1.0,False
CacauAmendoa,cacau,cacau; cocoa,18040000,"Manteiga, gordura e óleo, de cacau","Manteca, grasa y aceite, de cacao","Butter, fat and oil, from cocoa",1.0,0.0556,1.0,1.0,0.0,0.0,1.0,0.0,1.0,por,1.0,False
CacauAmendoa,cacau,cacau; cocoa,18050000,"Cacau em pó, sem adição de açúcar ou outros edulcorantes","Cacao en polvo, s/adición de azúcar ni otro edulcorante","Cocoa (powder),  without added sugar or other sweeteners",1.0,0.0424,1.0,1.0,0.0,0.0,1.0,0.0,1.0,por,1.0,False
CacauAmendoa,cacau,cacau; cocoa,18061000,"Cacau em pó, com adição de açúcar ou outros edulcorantes","Cacao en polvo, con adición de azúcar o otr.edulcorantes","Cocoa powder, cont.added sugar or oth.sweetening matter",1.0,0.0417,1.0,1.0,0.0,0.0,1.0,0.0,1.0,por,1.0,False
CacauAmendoa,cacau,cacau; cocoa,18062000,"Outras preparações com cacau, em blocos ou em barras, com peso superior a 2 kg, ou no estado líquido, em pasta, em pó, grânulos ou formas semelhantes, em recipientes ou embalagens imediatas de conteúdo superior a 2 kg","Las dem.prep.alim.c/cacao, en bloques/barras c/p>2kg, etc","Oth.prepar.in blocks, slabs, bars with cocoa, wei.>2kg, etc",1.0,0.0417,1.0,1.0,0.0,0.0,1.0,0.0,1.0,por,1.0,False
CacauAmendoa,cacau,cacau; cocoa,18063120,"Outras preparações alimentícias com cacau, recheadas, em tabletes, barras e paus","Las dem.prep.aliment.c/cacao, rellenos, en tabletas, etc","Oth.food preparat..containing cocoa, filled, tablets, etc",1.0,0.0345,1.0,1.0,0.0,0.0,1.0,0.0,1.0,por,1.0,False
CajuAcuFruto,caju,caju; cajuacu; caju acu,20079929,Purês de outras frutas,Los purés de otras frutas,Mashed of other fruits,0.0385,0.0345,0.0385,0.0,0.0,0.0,0.0,0.0,0.0,por,0.0385,True
CajuAcuFruto,caju,caju; cajuacu; caju acu,20079990,"Doces, pures e pastas, de outras frutas","Confituras, purés y pastas, de otros frutos","Jams, purée, pastes, of other fruits",0.0366,0.0333,0.027,0.0,0.0,0.0,0.0,0.0,0.0,por,0.0366,True
CajuAcuFruto,caju,caju; cajuacu; caju acu,20089710,"Misturas de frutas preparadas em água edulcorada, inclusive corantes","Mezclas de frutas, preparadas en agua edulcorada","Mixtures of fruits, prepared in water sweetened",0.0211,0.0294,0.01,0.0,0.0,0.0,0.0,0.0,0.0,esp,0.0294,True
CajuAcuFruto,caju,caju; cajuacu; caju acu,21069090,Outras preparações alimentícias,Las demás preparaciones alimenticias,Other food preparations,0.0286,0.025,0.0185,0.0,0.0,0.0,0.0,0.0,0.0,por,0.0286,True
CajuAcuFruto,caju,caju; cajuacu; caju acu,20089790,"Misturas de frutas preparadas,conservadas de outro modo","Mezclas de fruta preparadas, conservadas de otro modo","Mixtures of prepared fruit, otherwise preserved",0.0254,0.0268,0.02,0.0,0.0,0.0,0.0,0.0,0.0,esp,0.0268,True
CajuAcuFruto,caju,caju; cajuacu; caju acu,20079910,"Geleias e marmelades, de outras frutas","Jaleas y mermeladas, de otros frutos","Jellies, marmalades, of other fruits",0.0244,0.0256,0.0263,0.0,0.0,0.0,0.0,0.0,0.0,ing,0.0263,True
CajuAcuFruto,caju,caju; cajuacu; caju acu,21069060,"Caramelos, confeitos, pastilhas e produtos semelhantes, sem açúcar","Caramelos, confites, pastillas y productos simil.s/azúcar","Caramels, sweets, tablets and similar prod., ithout sugar",0.0224,0.0254,0.0263,0.0,0.0,0.0,0.0,0.0,0.0,ing,0.0263,True
CajuAcuFruto,caju,caju; cajuacu; caju acu,21069010,Outras preparações para elaboração de bebidas,Las demás preparaciones para la elabor.de bebidas,Other preparations for elaboration of drinks,0.0204,0.0189,0.0104,0.0,0.0,0.0,0.0,0.0,0.0,por,0.0204,True
CajuAcuFruto,caju,caju; cajuacu; caju acu,08013100,"Castanha de caju, fresca ou seca, com casca","Nuez del marañón, fresca o seca, con cáscara","Fresh/dried, cashew nuts, shelled",1.0,0.0217,0.0429,1.0,0.0,0.0,1.0,0.0,0.0,por,1.0,False
CajuAcuFruto,caju,caju; cajuacu; caju acu,08013200,"Castanha de caju, fresca ou seca, sem casca","Nuez de marañón, fresca o seca, sin cáscara","Fresh/dried, cashew nuts, shelled",1.0,0.0222,0.0429,1.0,0.0,0.0,1.0,0.0,0.0,por,1.0,False
CanaDeAcucar,acucar cana,,12129200,"Cana-de-açúcar fresca, refrigerada, congelada, seca, em pó","Caña de azúcar fresca, refrig.congel.seca, en polvo","Sugar cane (fresh,  chillen,  frozen,  dry,  powder)",1.0,0.5,0.066,1.0,0.5,0.0,0.0,0.0,0.0,por,1.0,True
CanaDeAcucar,acucar cana,,12129300,"Cana-de-açúcar, fresca, regrigerada, congelada ou seca","Caña de azúcar, fresca, refrigerada, congelada o seca","Cane sugar, fresh, chilled, frozen or dried",1.0,0.5,0.0686,1.0,0.5,0.0,0.0,0.0,0.0,por,1.0,True
CanaDeAcucar,acucar cana,,23032000,"Polpas de beterraba, bagaços de cana-de-açúcar e outros desperdícios da indústria do açúcar","Pulpas, bagazos y dem.desperdicios de industr.azucarera","Pulp, bagasse and other waste of sugar manufacture",1.0,0.0538,0.0667,1.0,0.0,0.0,0.0,0.0,0.0,por,1.0,True
CanaDeAcucar,acucar cana,,17011100,"Açúcar de cana, em bruto","Azúcar de caña, en bruto","Cane sugar, in crude",1.0,0.5,0.1,1.0,0.5,0.0,0.0,0.0,0.0,por,1.0,False
CanaDeAcucar,acucar cana,,17011300,Açúcar de cana mencionado na nota 2 da posição 1701,Azúcar de caña mencionado en nota 2 de la partida 1701,Cane sugar mentioned in note 2 of heading 1701,1.0,0.5,0.0614,1.0,0.5,0.0,0.0,0.0,0.0,por,1.0,False
CanaDeAcucar,acucar cana,,06029081,Mudas de cana-de-açúcar,Raíces de caña de azúcar,Sugar cane cuttings and slips,1.0,0.5,0.1,1.0,0.5,0.0,0.0,0.0,0.0,por,1.0,False
CanaDeAcucar,acucar cana,,22084000,"Rum e outras aguardentes provenientes da destilação, após fermentação, de produtos da cana-de-açúcar",Ron y aguardiente de caña,Rum and tafia,1.0,0.5,0.1042,1.0,0.5,0.0,0.0,0.0,0.0,por,1.0,False
CanaDeAcucar,acucar cana,,84383000,Máquinas e aparelhos para a indústria de açúcar,Máquinas y aparatos para la industria azucarera,Machinery for sugar manufacture,0.5,0.0517,0.1071,0.5,0.0,0.0,0.0,0.0,0.0,por,0.5,False
CanaDeAcucar,acucar cana,,82151000,"Colheres, garfos, conchas, escumadeiras, pás para tortas, facas especiais para peixe ou para manteiga, pinças para açúcar e artefatos semelhantes, sortidos que contenham pelo menos um objeto prateado, dourado ou platinado","Juego de cuchara, etc.de met.com., c>=1 plat/dor/platin.","Assortment spoon, etc.base metals, c>=1 silv/gold/platin.",0.5,0.0726,0.0547,0.5,0.0,0.0,0.0,0.0,0.0,por,0.5,False
CanaDeAcucar,acucar cana,,20098900,"Sucos (sumo) de outras frutas, não fermentado, sem adição de açúcar","Jugo (sumo) de otras frutas,sin fermentar, sin endulzar","Juice of other fruits, not fermented, not sweetened",0.5,0.0476,0.0333,0.5,0.0,0.0,0.0,0.0,0.0,por,0.5,False
CanaDeAcucar,acucar cana,,17011200,"Açúcar de beterraba, em bruto","Azúcar de remolacha, en bruto","Beet sugar, in crude",0.5,0.1154,0.0833,0.5,0.0,0.0,0.0,0.0,0.0,por,0.5,False
CanaDeAcucar,acucar cana,,17011400,Outros açúcares de cana,Otros azúcares de caña,Other cane sugar,0.5,0.5,0.1111,0.5,0.5,0.0,0.0,0.0,0.0,por,0.5,False
CanaDeAcucar,acucar cana,,17019100,"Outros açúcares de cana, beterraba, com aromatizante corante","Los dem.azúcares de caña, remolacha, c/aromatiz.colorante",Other cane or beet sugar added flavouring or colouring,0.5,0.5,0.0462,0.5,0.5,0.0,0.0,0.0,0.0,por,0.5,False
CanaDeAcucar,acucar cana,,17019900,"Outros açúcares de cana, beterraba, sacarose químicamente pura, sol.","Los dem.azúc.de caña, remolacha, sacarosa quím.pura, sól.","Other cane/beet sugar/chemically pure sucrose, in solid",0.5,0.5,0.0462,0.5,0.5,0.0,0.0,0.0,0.0,por,0.5,False
CanaDeAcucar,acucar cana,,17022000,"Açúcar e xarope, de bordo (ácer)","Azúcar y jarabe, de arce",Maple sugar and maple syrup,0.5,0.1029,0.1053,0.5,0.0,0.0,0.0,0.0,0.0,por,0.5,False
CanaDeAcucar,acucar cana,,17024010,"Glicose que contenha, em peso, no estado seco, um teor de frutose (levulose) igual ou superior a 20 % e inferior a 50 %, com exceção do açúcar invertido",Glucosa c/cont.de fruct.sob.prod.seco 20%<=en peso<50%,"Glucose contan.dry state, 20%<=weight<50% of fructose",0.5,0.0484,0.0583,0.5,0.0,0.0,0.0,0.0,0.0,por,0.5,False
CanaDeAcucar,acucar cana,,20060000,"Produtos hortícolas, frutas, cascas de frutas e outras partes de plantas, conservados com açúcar (passados por calda, glaceados ou cristalizados)","Las dem.hortalizas, frutas y cortezas, etc, confit.c/azúc.","Vegetables fruit, fruit-pee, etc.preserved by sugar",0.5,0.0308,0.0417,0.5,0.0,0.0,0.0,0.0,0.0,por,0.5,False
CanaDeAcucar,acucar cana,,20071000,"Preparações homogeneizadas de frutas, obtidos por cozimento, com ou sem adição de açúcar ou de outros edulcorantes","Prepar.homogeneizadas de frut.obt.p/cocción, p/alim.inf.","Homogenised preparations of fruit, forcooked, forinfant use",0.5,0.0462,0.0441,0.5,0.0,0.0,0.0,0.0,0.0,por,0.5,False
CanaDeAcucar,acucar cana,,04041000,"Soro de leite, modificado ou não, mesmo concentrado ou adicionado de açúcar ou de outros edulcorantes","Lactosuero, inc.concentrado, c/edulcorante","Whey and modified whey, whether or n/concent.added sugar",0.5,0.0784,0.0379,0.5,0.0,0.0,0.0,0.0,0.0,por,0.5,False
CanaDeAcucar,acucar cana,,17024020,"Xarope de glicose, que contenham, em peso, no estado seco, um teor de frutose (levulose) igual ou superior a 20 % e inferior a 50 %, com exceção do açúcar invertido",Jarabe gluc.c/cont.de fruct.sob.pr.seco 20%<=en p.<50%,"Glucose syrup contan.dry state, 20%<=weight<50%fructose",0.5,0.0574,0.0635,0.5,0.0,0.0,0.0,0.0,0.0,por,0.5,False
CanaDeAcucar,acucar cana,,17026010,"Frutose que contenha, em peso, no estado seco, um teor de frutose (levulose) superior a 50 %, com exceção do açúcar invertido","Fructosa c/cont.de fruct.sob.prod.seco, >50%en peso","Fructose contan.dry state, weight>50% of fructose",0.5,0.05,0.0603,0.5,0.0,0.0,0.0,0.0,0.0,por,0.5,False
CanaDeAcucar,acucar cana,,17026020,"Xarope de frutose, que contenha, em peso, no estado seco, um teor de frutose (levulose) superior a 50 %, com exceção do açúcar invertido","Jarabe fruct.c/cont.de fruct.sob.prod.seco, >50%en peso","Glucose syrup contan.dry state, weight>50%of fructose",0.5,0.0469,0.0635,0.5,0.0,0.0,0.0,0.0,0.0,por,0.5,False
CanaDeAcucar,acucar cana,,17031000,Melaços de cana,Melaza de caña,Cane molasses,0.5,0.5,0.0833,0.5,0.5,0.0,0.0,0.0,0.0,por,0.5,False
CanaDeAcucar,acucar cana,,17039000,Outros melaços da extração ou refinação do açúcar,Las dem.melazas de la extracción o refinac.del azúcar,Molasses resulting from the extraction or refining sug.,0.5,0.0469,0.0385,0.5,0.0,0.0,0.0,0.0,0.0,por,0.5,False
CanaDeAcucar,acucar cana,,17041000,"Gomas de mascar, mesmo revestidas de açúcar, sem cacau","Chicles, sin cacao, incluso recubiertos de azúcar","Chewing gums, without cocoa, whether or n/sugar-coated",0.5,0.0517,0.0556,0.5,0.0,0.0,0.0,0.0,0.0,por,0.5,False
Carvao,carvao,,44022000,"Carvão vegetal, mesmo aglomerado, de cascas ou de caroços","Carbón vegetal, incluso aglomerado, de conchas o piedras","Vegetable carbon, whether or not agglomerated, of shells or kernels",1.0,0.05,0.0352,1.0,0.0,0.0,0.0,0.0,0.0,por,1.0,True
Carvao,carvao,,44020000,Carvão vegetal,Carbón vegetal,Wood charcoal,1.0,0.125,0.1053,1.0,0.0,0.0,0.0,0.0,0.0,por,1.0,True
Carvao,carvao,,44021000,"Carvão vegetal (incluindo o carvão de cascas ou de caroços), mesmo aglomerado, de bambu","Carbón vegetal de bamboo, mismo aglomerado","Bamboo wood charcoal, even agglomerated",1.0,0.0638,0.0682,1.0,0.0,0.0,0.0,0.0,0.0,por,1.0,True
Carvao,carvao,,44029000,"Outro carvão vegetal (incluindo o carvão de cascas ou de caroços), mesmo aglomerado","Outro carbón vegetal, mismo aglomerado","Other wood charcoal, even agglomerated",1.0,0.0698,0.0698,1.0,0.0,0.0,0.0,0.0,0.0,por,1.0,True
Carvao,carvao,,85334091,"Potenciômetro de carvão, do tipo dos utilizados para determinar o ângulo de abertura da borboleta, em sistemas de injeção de combustível controlados eletronicamente","Potenciómetro de carbón, util.sistema iny.de combustib.","Potentiom.of coal, used in system of fuel injection",1.0,0.0424,0.0268,1.0,0.0,0.0,0.0,0.0,0.0,por,1.0,False
Carvao,carvao,,85334092,Outros potenciômetros de carvão,Los demás potenciómetros de carbón,Other potentiometers of coal,1.0,0.05,0.0294,1.0,0.0,0.0,0.0,0.0,0.0,por,1.0,False
Carvao,carvao,,85451100,"Eletrodos de carvão, dos tipos utilizados em fornos",Electrodos de carbón p/uso en los hornos eléctr.,Carbon electrodes of a kind used for furnaces,1.0,0.0377,0.049,1.0,0.0,0.0,0.0,0.0,0.0,por,1.0,False
Carvao,carvao,,85451990,"Outros eletrodos de carvão, para usos elétricos","Los demás electrodos de carbón, para uso eléctrico","Other carbon electrodes, for electric use",1.0,0.0455,0.0435,1.0,0.0,0.0,0.0,0.0,0.0,por,1.0,False
Carvao,carvao,,85452000,"Escovas de carvão, para usos elétricos","Escobillas de carbón, para uso eléctrico","Carbon brushes, for electric use",1.0,0.0556,0.0541,1.0,0.0,0.0,0.0,0.0,0.0,por,1.0,False
Carvao,carvao,,85459090,Outros carvões e artigos de grafita/carvão para uso elétrico,Los dem.carbon.y artícs.de grafito/carbón p/uso eléctr.,Oth.carbon and articles of graphite/carbon f/electr.use,1.0,0.0417,0.041,1.0,0.0,0.0,0.0,0.0,0.0,por,1.0,False
Carvao,carvao,,84303110,"Cortadores de carvão ou de rocha, autopropulsados","Cortadoras de carbón o de rocas, autopropulsadas","Coal or rock cutters, self-propelled",1.0,0.0472,0.0488,1.0,0.0,0.0,0.0,0.0,0.0,por,1.0,False
Carvao,carvao,,84303910,Outros cortadores de carvão ou de rocha,Las demás cortadoras de carbón o de rocas,Other coal or rock cutters,1.0,0.0426,0.0625,1.0,0.0,0.0,0.0,0.0,0.0,por,1.0,False
Carvao,carvao,,03026300,"Peixes-carvão frescos, refrigerado, exceto filés, outras carnes, etc.","Carboneros frescos, refriger.exc.filetes, dem.carnes, etc","Fresh/chilled coalfish, exc.fish filets oth.fish meat,",1.0,0.0333,0.0259,1.0,0.0,0.0,0.0,0.0,0.0,por,1.0,False
Carvao,carvao,,03037300,"Peixes-carvão congelados, exceto filés, outras carnes, etc.","Carboneros congelados, exc.filetes, dem.carnes, etc","Frozen coalfish, exc.fish filets oth.fish meat, etc.",1.0,0.0463,0.0273,1.0,0.0,0.0,0.0,0.0,0.0,por,1.0,False
Carvao,carvao,,27040090,"Semicoques de hulha, linhita ou turfa, carvão de retorta","Semicoque de hulla, lignito o turba, carbón de retorta","Semi-coke of coal,  of lignite or of peat, retort carbon",1.0,0.0345,0.0339,1.0,0.0,0.0,0.0,0.0,0.0,por,1.0,False
CascaBarbaTimao,barba casca timao,barbatimao; barba timao; casca,12116000,Casca de cerejeira africana (Prunus africana),Corteza de cerezo africano (Prunus africana),African cherry bark (Prunus africana),1.0,0.0763,0.0673,0.3333,0.0,0.0,1.0,0.0,0.0,por,1.0,False
CascaBarbaTimao,barba casca timao,barbatimao; barba timao; casca,08029200,"Pinhões, sem casca",Piñones sin cáscara,"Pine nuts, shelled",1.0,0.0972,0.0441,0.3333,0.0,0.0,1.0,0.0,0.0,por,1.0,False
CascaBarbaTimao,barba casca timao,barbatimao; barba timao; casca,08029100,"Pinhões, com casca",Piñones con cáscara,"Pine nuts, in shell",1.0,0.0972,0.0571,0.3333,0.0,0.0,1.0,0.0,0.0,por,1.0,False
CascaBarbaTimao,barba casca timao,barbatimao; barba timao; casca,08029900,"Outras frutas de casca rija, fresca ou seca, mesmo com casca ou pelada, não classificados em códigos anteriores","Otros frutos de cáscara, frescos o secos, incluso con cáscara o pelados, no clasificados en los códigos anteriores","Other nuts, fresh or dried, whether or not in shell or peeled, not classified under previous codes",1.0,0.043,0.0312,0.3333,0.0,0.0,1.0,0.0,0.0,por,1.0,False
CascaBarbaTimao,barba casca timao,barbatimao; barba timao; casca,04070090,"Outros ovos de aves, com casca, frescos, conservados cozidos","Los dem.huevos de aves, c/cáscara, frescos, conserv.cocid.","Other birds' eggs, in shell, fresh, preserved or cooked",1.0,0.0634,0.0368,0.3333,0.0,0.0,1.0,0.0,0.0,por,1.0,False
CascaBarbaTimao,barba casca timao,barbatimao; barba timao; casca,04089100,"Ovos de aves, sem casca, secos","Huevos de aves, sin cáscara, secos","Bird's eggs, not in shell, dried",1.0,0.0918,0.0745,0.3333,0.0,0.0,1.0,0.0,0.0,por,1.0,False
CascaBarbaTimao,barba casca timao,barbatimao; barba timao; casca,04089900,"Outros ovos de aves, sem casca, frescos, cozidos em água, etc","Los dem.huevos, sin cáscara, frescos, cocidos en agua, etc","Oth.birds' eggs, n/shell, fresh, cooked b/boiling wat., etc",1.0,0.0563,0.0429,0.3333,0.0,0.0,1.0,0.0,0.0,por,1.0,False
CascaBarbaTimao,barba casca timao,barbatimao; barba timao; casca,20081900,"Outras frutas de casca rija, outras sementes, preparadas/conservadas","Las dem.frutas de cáscara, dem.semillas,  prep.o conserv.","Other hard peel fruits, other seeds prepared/preserved",1.0,0.0929,0.0357,0.3333,0.0,0.0,1.0,0.0,0.0,por,1.0,False
CascaBarbaTimao,barba casca timao,barbatimao; barba timao; casca,08135000,"Misturas de frutas secas ou de frutas de casca rija, do presente Capítulo",Mezclas de frutos secos o de frutos de cáscara comestib,Mixtures of dried fruits or fruits with hard peel,1.0,0.0764,0.0227,0.3333,0.0,0.0,1.0,0.0,0.0,por,1.0,False
CascaBarbaTimao,barba casca timao,barbatimao; barba timao; casca,10061010,"Arroz com casca (arroz paddy), para semeadura","Arroz (""paddy"") con cáscara, para siembra","Rice in the husk (paddy), for sowing",1.0,0.1226,0.05,0.3333,0.0,0.0,1.0,0.0,0.0,por,1.0,False
CascaBarbaTimao,barba casca timao,barbatimao; barba timao; casca,10061091,"Arroz com casca (arroz paddy), parboilizado","Arroz (""paddy"") con cáscara, parboilizado (estufado)","Rice in the husk (paddy), parboiled (stewed)",1.0,0.1048,0.0536,0.3333,0.0,0.0,1.0,0.0,0.0,por,1.0,False
CascaBarbaTimao,barba casca timao,barbatimao; barba timao; casca,10061092,"Arroz com casca (arroz paddy), não parboilizado","Arroz (""paddy"") con cáscara, no parboilizado","Rice in the husk (paddy), parboiled (n/stewed)",1.0,0.1161,0.0517,0.3333,0.0,0.0,1.0,0.0,0.0,por,1.0,False
CascaBarbaTimao,barba casca timao,barbatimao; barba timao; casca,08011110,"Cocos secos, sem casca, mesmo ralados","Cocos secos, sin cáscara, incluso rallados","Dried coconuts, shelled, whether or not shredded",1.0,0.0877,0.0556,0.3333,0.0,0.0,1.0,0.0,0.0,por,1.0,False
CascaBarbaTimao,barba casca timao,barbatimao; barba timao; casca,08011200,Cocos na casca interna (endocarpo),Cocos en el interior de la corteza (endocarpo),Coconuts in the inner bark (endocarp),1.0,0.0656,0.0577,0.3333,0.0,0.0,1.0,0.0,0.0,por,1.0,False
CascaBarbaTimao,barba casca timao,barbatimao; barba timao; casca,08012100,"Castanha-do-pará, fresca ou seca, com casca","Nuez de brasil fresca o seca, con cáscara","Fresh/dried, brazil nuts, in shell",1.0,0.0965,0.0612,0.3333,0.0,0.0,1.0,0.0,0.0,por,1.0,False
CascaBarbaTimao,barba casca timao,barbatimao; barba timao; casca,08012200,"Castanha-do-pará, fresca ou seca, sem casca","Nuez de brasil, fresca o seca, sin cáscara","Fresh/dried, brazil nuts, shelled",1.0,0.0965,0.0521,0.3333,0.0,0.0,1.0,0.0,0.0,por,1.0,False
CascaBarbaTimao,barba casca timao,barbatimao; barba timao; casca,08013100,"Castanha de caju, fresca ou seca, com casca","Nuez del marañón, fresca o seca, con cáscara","Fresh/dried, cashew nuts, shelled",1.0,0.0847,0.0729,0.3333,0.0,0.0,1.0,0.0,0.0,por,1.0,False
CascaBarbaTimao,barba casca timao,barbatimao; barba timao; casca,08013200,"Castanha de caju, fresca ou seca, sem casca","Nuez de marañón, fresca o seca, sin cáscara","Fresh/dried, cashew nuts, shelled",1.0,0.0862,0.0729,0.3333,0.0,0.0,1.0,0.0,0.0,por,1.0,False
CascaBarbaTimao,barba casca timao,barbatimao; barba timao; casca,08021100,"Amêndoas frescas ou secas, com casca","Almendras frescas o secas, con cáscara","Fresh/dried almonds, shelled",1.0,0.0926,0.0341,0.3333,0.0,0.0,1.0,0.0,0.0,por,1.0,False
CascaBarbaTimao,barba casca timao,barbatimao; barba timao; casca,08029000,"Outras frutas de casca rija, frescas ou secas","Los dem.frutos de cáscara comestibles,  frescas o secas",Other fresh/dried fruit in shell,1.0,0.0857,0.0612,0.3333,0.0,0.0,1.0,0.0,0.0,por,1.0,False
CascaBarbaTimao,barba casca timao,barbatimao; barba timao; casca,12021000,"Amendoins com casca, não torrados, nem cozidos","Cacahuetes con cáscara, sin tostar ni cocer","Ground-nuts in shell, not roasted, n/cooked",1.0,0.1017,0.0345,0.3333,0.0,0.0,1.0,0.0,0.0,por,1.0,False
CascaBarbaTimao,barba casca timao,barbatimao; barba timao; casca,12024100,"Amendoins com casca, não torrados, nem cozidos","Cacahuetes con cáscara, sin tostar ni molido","Peanuts in shell, not roasted or ground",1.0,0.1083,0.0545,0.3333,0.0,0.0,1.0,0.0,0.0,por,1.0,False
CascaBarbaTimao,barba casca timao,barbatimao; barba timao; casca,08021200,"Amêndoas frescas ou secas, sem casca","Almendras frescas o secas, sin cáscara","Fresh/dried almonds, shelled",1.0,0.0926,0.0341,0.3333,0.0,0.0,1.0,0.0,0.0,por,1.0,False
CascaBarbaTimao,barba casca timao,barbatimao; barba timao; casca,08022100,"Avelãs (Corylus spp) frescas ou secas, com casca","Avellanas (corylus spp) frescas o secas, con cáscara","Fresh/dried hazelnuts/filberts(corylus spp.), in shell",1.0,0.0758,0.0515,0.3333,0.0,0.0,1.0,0.0,0.0,por,1.0,False
CascaBarbaTimao,barba casca timao,barbatimao; barba timao; casca,08022200,"Avelãs (Corylus spp) frescas ou secas, sem casca","Avellanas (coryls spp) frescas o secas, sin cáscara","Fresh/dried hazelnuts/filberts (corylus), shelled",1.0,0.0769,0.0476,0.3333,0.0,0.0,1.0,0.0,0.0,por,1.0,False
CascaCajuacu,cajuacu casca,cajuacu; caju acu; casca,12116000,Casca de cerejeira africana (Prunus africana),Corteza de cerezo africano (Prunus africana),African cherry bark (Prunus africana),1.0,0.0636,0.0833,0.5,0.0,0.0,1.0,0.0,0.0,por,1.0,False
CascaCajuacu,cajuacu casca,cajuacu; caju acu; casca,08029200,"Pinhões, sem casca",Piñones sin cáscara,"Pine nuts, shelled",1.0,0.0938,0.05,0.5,0.0,0.0,1.0,0.0,0.0,por,1.0,False
CascaCajuacu,cajuacu casca,cajuacu; caju acu; casca,08029100,"Pinhões, com casca",Piñones con cáscara,"Pine nuts, in shell",1.0,0.1094,0.0484,0.5,0.0,0.0,1.0,0.0,0.0,por,1.0,False
CascaCajuacu,cajuacu casca,cajuacu; caju acu; casca,08029900,"Outras frutas de casca rija, fresca ou seca, mesmo com casca ou pelada, não classificados em códigos anteriores","Otros frutos de cáscara, frescos o secos, incluso con cáscara o pelados, no clasificados en los códigos anteriores","Other nuts, fresh or dried, whether or not in shell or peeled, not classified under previous codes",1.0,0.0282,0.0278,0.5,0.0,0.0,1.0,0.0,0.0,por,1.0,False
CascaCajuacu,cajuacu casca,cajuacu; caju acu; casca,04070090,"Outros ovos de aves, com casca, frescos, conservados cozidos","Los dem.huevos de aves, c/cáscara, frescos, conserv.cocid.","Other birds' eggs, in shell, fresh, preserved or cooked",1.0,0.0522,0.0156,0.5,0.0,0.0,1.0,0.0,0.0,por,1.0,False
CascaCajuacu,cajuacu casca,cajuacu; caju acu; casca,04089100,"Ovos de aves, sem casca, secos","Huevos de aves, sin cáscara, secos","Bird's eggs, not in shell, dried",1.0,0.0778,0.0233,0.5,0.0,0.0,1.0,0.0,0.0,por,1.0,False
CascaCajuacu,cajuacu casca,cajuacu; caju acu; casca,04089900,"Outros ovos de aves, sem casca, frescos, cozidos em água, etc","Los dem.huevos, sin cáscara, frescos, cocidos en agua, etc","Oth.birds' eggs, n/shell, fresh, cooked b/boiling wat., etc",1.0,0.0522,0.0303,0.5,0.0,0.0,1.0,0.0,0.0,por,1.0,False
CascaCajuacu,cajuacu casca,cajuacu; caju acu; casca,20081900,"Outras frutas de casca rija, outras sementes, preparadas/conservadas","Las dem.frutas de cáscara, dem.semillas,  prep.o conserv.","Other hard peel fruits, other seeds prepared/preserved",1.0,0.0682,0.0379,0.5,0.0,0.0,1.0,0.0,0.0,por,1.0,False
CascaCajuacu,cajuacu casca,cajuacu; caju acu; casca,08135000,"Misturas de frutas secas ou de frutas de casca rija, do presente Capítulo",Mezclas de frutos secos o de frutos de cáscara comestib,Mixtures of dried fruits or fruits with hard peel,1.0,0.0809,0.0161,0.5,0.0,0.0,1.0,0.0,0.0,por,1.0,False
CascaCajuacu,cajuacu casca,cajuacu; caju acu; casca,10061010,"Arroz com casca (arroz paddy), para semeadura","Arroz (""paddy"") con cáscara, para siembra","Rice in the husk (paddy), for sowing",1.0,0.0714,0.0435,0.5,0.0,0.0,1.0,0.0,0.0,por,1.0,False
CascaCajuacu,cajuacu casca,cajuacu; caju acu; casca,10061091,"Arroz com casca (arroz paddy), parboilizado","Arroz (""paddy"") con cáscara, parboilizado (estufado)","Rice in the husk (paddy), parboiled (stewed)",1.0,0.0603,0.0481,0.5,0.0,0.0,1.0,0.0,0.0,por,1.0,False
CascaCajuacu,cajuacu casca,cajuacu; caju acu; casca,10061092,"Arroz com casca (arroz paddy), não parboilizado","Arroz (""paddy"") con cáscara, no parboilizado","Rice in the husk (paddy), parboiled (n/stewed)",1.0,0.0673,0.0463,0.5,0.0,0.0,1.0,0.0,0.0,por,1.0,False
CascaCajuacu,cajuacu casca,cajuacu; caju acu; casca,08011110,"Cocos secos, sem casca, mesmo ralados","Cocos secos, sin cáscara, incluso rallados","Dried coconuts, shelled, whether or not shredded",1.0,0.0755,0.0254,0.5,0.0,0.0,1.0,0.0,0.0,por,1.0,False
CascaCajuacu,cajuacu casca,cajuacu; caju acu; casca,08011200,Cocos na casca interna (endocarpo),Cocos en el interior de la corteza (endocarpo),Coconuts in the inner bark (endocarp),1.0,0.0175,0.0208,0.5,0.0,0.0,1.0,0.0,0.0,por,1.0,False
CascaCajuacu,cajuacu casca,cajuacu; caju acu; casca,08012100,"Castanha-do-pará, fresca ou seca, com casca","Nuez de brasil fresca o seca, con cáscara","Fresh/dried, brazil nuts, in shell",1.0,0.0943,0.0444,0.5,0.0,0.0,1.0,0.0,0.0,por,1.0,False
CascaCajuacu,cajuacu casca,cajuacu; caju acu; casca,08012200,"Castanha-do-pará, fresca ou seca, sem casca","Nuez de brasil, fresca o seca, sin cáscara","Fresh/dried, brazil nuts, shelled",1.0,0.0849,0.0455,0.5,0.0,0.0,1.0,0.0,0.0,por,1.0,False
CascaCajuacu,cajuacu casca,cajuacu; caju acu; casca,08013100,"Castanha de caju, fresca ou seca, com casca","Nuez del marañón, fresca o seca, con cáscara","Fresh/dried, cashew nuts, shelled",1.0,0.0909,0.0455,0.5,0.0,0.0,1.0,0.0,0.0,por,1.0,False
CascaCajuacu,cajuacu casca,cajuacu; caju acu; casca,08013200,"Castanha de caju, fresca ou seca, sem casca","Nuez de marañón, fresca o seca, sin cáscara","Fresh/dried, cashew nuts, shelled",1.0,0.0833,0.0455,0.5,0.0,0.0,1.0,0.0,0.0,por,1.0,False
CascaCajuacu,cajuacu casca,cajuacu; caju acu; casca,08021100,"Amêndoas frescas ou secas, com casca","Almendras frescas o secas, con cáscara","Fresh/dried almonds, shelled",1.0,0.1,0.0375,0.5,0.0,0.0,1.0,0.0,0.0,por,1.0,False
CascaCajuacu,cajuacu casca,cajuacu; caju acu; casca,08029000,"Outras frutas de casca rija, frescas ou secas","Los dem.frutos de cáscara comestibles,  frescas o secas",Other fresh/dried fruit in shell,1.0,0.053,0.0333,0.5,0.0,0.0,1.0,0.0,0.0,por,1.0,False
CascaCajuacu,cajuacu casca,cajuacu; caju acu; casca,12021000,"Amendoins com casca, não torrados, nem cozidos","Cacahuetes con cáscara, sin tostar ni cocer","Ground-nuts in shell, not roasted, n/cooked",1.0,0.0909,0.0278,0.5,0.0,0.0,1.0,0.0,0.0,por,1.0,False
CascaCajuacu,cajuacu casca,cajuacu; caju acu; casca,12024100,"Amendoins com casca, não torrados, nem cozidos","Cacahuetes con cáscara, sin tostar ni molido","Peanuts in shell, not roasted or ground",1.0,0.0893,0.049,0.5,0.0,0.0,1.0,0.0,0.0,por,1.0,False
CascaCajuacu,cajuacu casca,cajuacu; caju acu; casca,08021200,"Amêndoas frescas ou secas, sem casca","Almendras frescas o secas, sin cáscara","Fresh/dried almonds, shelled",1.0,0.09,0.0375,0.5,0.0,0.0,1.0,0.0,0.0,por,1.0,False
CascaCajuacu,cajuacu casca,cajuacu; caju acu; casca,08022100,"Avelãs (Corylus spp) frescas ou secas, com casca","Avellanas (corylus spp) frescas o secas, con cáscara","Fresh/dried hazelnuts/filberts(corylus spp.), in shell",1.0,0.0806,0.0391,0.5,0.0,0.0,1.0,0.0,0.0,por,1.0,False
CascaCajuacu,cajuacu casca,cajuacu; caju acu; casca,08022200,"Avelãs (Corylus spp) frescas ou secas, sem casca","Avellanas (coryls spp) frescas o secas, sin cáscara","Fresh/dried hazelnuts/filberts (corylus), shelled",1.0,0.0738,0.0424,0.5,0.0,0.0,1.0,0.0,0.0,por,1.0,False
CastanhaDeCaju,caju castanha,,08013100,"Castanha de caju, fresca ou seca, com casca","Nuez del marañón, fresca o seca, con cáscara","Fresh/dried, cashew nuts, shelled",1.0,0.0727,0.0682,1.0,0.0,0.0,0.0,0.0,0.0,por,1.0,True
CastanhaDeCaju,caju castanha,,08013200,"Castanha de caju, fresca ou seca, sem casca","Nuez de marañón, fresca o seca, sin cáscara","Fresh/dried, cashew nuts, shelled",1.0,0.0741,0.0682,1.0,0.0,0.0,0.0,0.0,0.0,por,1.0,True
CastanhaDeCaju,caju castanha,,20079929,Purês de outras frutas,Los purés de otras frutas,Mashed of other fruits,0.0857,0.0789,0.0571,0.0,0.0,0.0,0.0,0.0,0.0,por,0.0857,True
CastanhaDeCaju,caju castanha,,21069090,Outras preparações alimentícias,Las demás preparaciones alimenticias,Other food preparations,0.0568,0.0408,0.0417,0.0,0.0,0.0,0.0,0.0,0.0,por,0.0568,True
CastanhaDeCaju,caju castanha,,08012100,"Castanha-do-pará, fresca ou seca, com casca","Nuez de brasil fresca o seca, con cáscara","Fresh/dried, brazil nuts, in shell",0.5,0.0755,0.0556,0.5,0.0,0.0,0.0,0.0,0.0,por,0.5,False
CastanhaDeCaju,caju castanha,,08012200,"Castanha-do-pará, fresca ou seca, sem casca","Nuez de brasil, fresca o seca, sin cáscara","Fresh/dried, brazil nuts, shelled",0.5,0.0755,0.0568,0.5,0.0,0.0,0.0,0.0,0.0,por,0.5,False
CastanhaDoPara,castanha,castanha do para; castanha do brasil; castanha da amazonia; brazil nuts; nuez de brasil,08012100,"Castanha-do-pará, fresca ou seca, com casca","Nuez de brasil fresca o seca, con cáscara","Fresh/dried, brazil nuts, in shell",1.0,1.0,1.0,1.0,0.0,0.0,1.0,1.0,1.0,por,1.0,True
CastanhaDoPara,castanha,castanha do para; castanha do brasil; castanha da amazonia; brazil nuts; nuez de brasil,08012200,"Castanha-do-pará, fresca ou seca, sem casca","Nuez de brasil, fresca o seca, sin cáscara","Fresh/dried, brazil nuts, shelled",1.0,1.0,1.0,1.0,0.0,0.0,1.0,1.0,1.0,por,1.0,True
CastanhaDoPara,castanha,castanha do para; castanha do brasil; castanha da amazonia; brazil nuts; nuez de brasil,20079929,Purês de outras frutas,Los purés de otras frutas,Mashed of other fruits,0.0667,0.0606,0.0667,0.0,0.0,0.0,0.0,0.0,0.0,por,0.0667,True
CastanhaDoPara,castanha,castanha do para; castanha do brasil; castanha da amazonia; brazil nuts; nuez de brasil,21069090,Outras preparações alimentícias,Las demás preparaciones alimenticias,Other food preparations,0.0513,0.0455,0.0323,0.0,0.0,0.0,0.0,0.0,0.0,por,0.0513,True
CastanhaDoPara,castanha,castanha do para; castanha do brasil; castanha da amazonia; brazil nuts; nuez de brasil,08013100,"Castanha de caju, fresca ou seca, com casca","Nuez del marañón, fresca o seca, con cáscara","Fresh/dried, cashew nuts, shelled",1.0,0.05,0.0641,1.0,0.0,0.0,0.0,0.0,0.0,por,1.0,False
CastanhaDoPara,castanha,castanha do para; castanha do brasil; castanha da amazonia; brazil nuts; nuez de brasil,08013200,"Castanha de caju, fresca ou seca, sem casca","Nuez de marañón, fresca o seca, sin cáscara","Fresh/dried, cashew nuts, shelled",1.0,0.051,0.0641,1.0,0.0,0.0,0.0,0.0,0.0,por,1.0,False
CavaloMangaLarga,cavalo larga manga,,01011010,Cavalos reprodutores de raça pura,Caballos reproductores de raza pura,Pure-bred breeding horses,0.1078,0.0943,0.0581,0.0,0.0,0.0,0.0,0.0,0.0,por,0.1078,True
CavaloMangaLarga,cavalo larga manga,,01011100,"Cavalos reprodutores, de raça pura",Caballos reproductores de raza pura,Pure-bred breeding horses,0.1078,0.0943,0.0581,0.0,0.0,0.0,0.0,0.0,0.0,por,0.1078,True
CavaloMangaLarga,cavalo larga manga,,01012100,Cavalos reprodutores de raça pura,"Caballos de pura raza, para procreación",Pure-bred horses,0.1078,0.1071,0.0294,0.0,0.0,0.0,0.0,0.0,0.0,por,0.1078,True
CavaloMangaLarga,cavalo larga manga,,01012900,"Cavalos, exceto reprodutores de raça pura","Caballos vivos, excepto reproductores de raza pura","Lives horses, except pure-bred breeding",0.0948,0.0746,0.0536,0.0,0.0,0.0,0.0,0.0,0.0,por,0.0948,True
CavaloMangaLarga,cavalo larga manga,,01011900,"Outros cavalos, vivos",Los demás caballos vivos,Other live horses,0.0921,0.0714,0.0571,0.0,0.0,0.0,0.0,0.0,0.0,por,0.0921,True
CavaloMangaLarga,cavalo larga manga,,01019010,"Cavalos vivos, exceto reprodutores raça pura","Caballos vivos,  excepto reproductores de raza pura","Live horses, except pure-bred breeding",0.0902,0.0746,0.0545,0.0,0.0,0.0,0.0,0.0,0.0,por,0.0902,True
CavaloMangaLarga,cavalo larga manga,,63079020,"Artefato tubular com tratamento ignífugo, próprio para saída de emergência de pessoas, mesmo com seus elementos de montagem",Manga c/tratam.ignífugo apta p/salida de emerg.personas,Fire-proofed sleeves f/emerg.evacuation of persons,0.0504,0.3333,0.0441,0.0,0.3333,0.0,0.0,0.0,0.0,esp,0.3333,False
CavaloMangaLarga,cavalo larga manga,,20079925,Purês de manga (Mangifera indica),Puré de mango (Mangifera indica),Mashed of mango (Mangifera indica),0.3333,0.0729,0.08,0.3333,0.0,0.0,0.0,0.0,0.0,por,0.3333,False
CavaloMangaLarga,cavalo larga manga,,93052100,"Partes e acessórios para espingarda/carabina de fogo, cano liso","Partes y acces.p/armas larga/rifle caza, can.ánima lisa","Parts and acces.f/shotguns/carbines,smooth barrel",0.0375,0.3333,0.0448,0.0,0.3333,0.0,0.0,0.0,0.0,esp,0.3333,False
CavaloMangaLarga,cavalo larga manga,,93052900,Partes e acessórios para outras espingardas/carabinas de fogo,Partes y acces.p/demás armas larga/rifles caza,Parts and acces.f/other shotguns/carbines,0.0506,0.3333,0.0339,0.0,0.3333,0.0,0.0,0.0,0.0,esp,0.3333,False
Coco,coco,,53051100,Cairo (fibras de coco) em bruto,Fibras de coco en bruto,Coir (fibres of coconut) raw,1.0,1.0,0.0667,1.0,1.0,0.0,0.0,0.0,0.0,por,1.0,True
Coco,coco,,53051900,"Cairo (fibras de coco) trabalhado, não fiado, estopas, desperdícios","Fibras de coco trabaj.s/hilar, estopas, desperds","Coir(fibres of coconut)proces.n/spun, tow, waste",1.0,1.0,0.04,1.0,1.0,0.0,0.0,0.0,0.0,por,1.0,True
Coco,coco,,53081000,Fios de cairo (fios de fibras de coco),Hilados de coco (hilados de fibras de coco),Coir yarn (yarns of fibres of coconut),1.0,1.0,0.05,1.0,1.0,0.0,0.0,0.0,0.0,por,1.0,True
Coco,coco,,15132911,Outros óleos de amêndoa de palma (palmiste) (coconote) de coco mbocaya (Acrocomia totai),Otros aceites de palma (palma) (coconote) coco mbocaya (Acrocomia totai),"
Other palm (palm kernel) (coconote) coconut mbocaya (Acrocomia totai) oils",1.0,1.0,0.0278,1.0,1.0,0.0,0.0,0.0,0.0,por,1.0,True
Coco,coco,,23065000,"Tortas e outros resíduos sólidos, de coco ou de copra","Tortas de demás residuos sólidos,  de coco o de copra","Oil-cake and other solid residues, of coconut or copra",1.0,1.0,0.0351,1.0,1.0,0.0,0.0,0.0,0.0,por,1.0,True
Coco,coco,,15131100,"Óleo de coco (óleo de copra), em bruto","Aceite de coco (de copra), en bruto","Coconut (copra) oil, crude",1.0,1.0,0.0741,1.0,1.0,0.0,0.0,0.0,0.0,por,1.0,True
Coco,coco,,15131900,Outros óleos de coco (óleos de copra),Los demás aceites de coco (de copra),Other coconut (copra) oil,1.0,1.0,0.0741,1.0,1.0,0.0,0.0,0.0,0.0,por,1.0,True
Coco,coco,,08011900,Cocos frescos,Cocos frescos,Other fresh coconuts,0.1176,0.1176,0.0833,0.0,0.0,0.0,0.0,0.0,0.0,por,0.1176,True
Coco,coco,,08011190,Outros cocos secos,Los demás cocos secos,Other dried coconuts,0.0909,0.08,0.0833,0.0,0.0,0.0,0.0,0.0,0.0,por,0.0909,True
Coco,coco,,08011200,Cocos na casca interna (endocarpo),Cocos en el interior de la corteza (endocarpo),Coconuts in the inner bark (endocarp),0.0556,0.0417,0.0513,0.0,0.0,0.0,0.0,0.0,0.0,por,0.0556,True
Coco,coco,,08011100,"Cocos, frescos ou secos, dessecados","Los cocos frescos o secos, desecados","Coconuts, fresh or dried, desiccated",0.0541,0.0513,0.0526,0.0,0.0,0.0,0.0,0.0,0.0,por,0.0541,True
Coco,coco,,08011110,"Cocos secos, sem casca, mesmo ralados","Cocos secos, sin cáscara, incluso rallados","Dried coconuts, shelled, whether or not shredded",0.0513,0.0455,0.04,0.0,0.0,0.0,0.0,0.0,0.0,por,0.0513,True
Coco,coco,,15132111,"Óleo de cocombocaya(Acrocomia totai), em bruto","Aceite de Cocombocaya (Acrocomia totali), crudo","Cocombocaya oil (Acrocomia totali), crude",0.0417,0.0417,0.0476,0.0,0.0,0.0,0.0,0.0,0.0,ing,0.0476,True
Coco,coco,,15132920,Outros óleos de babaçu,Los demás aceites de babasú,Other babassu oil,0.0192,0.0161,0.0476,0.0,0.0,0.0,0.0,0.0,0.0,ing,0.0476,True
Coco,coco,,21069090,Outras preparações alimentícias,Las demás preparaciones alimenticias,Other food preparations,0.0429,0.0375,0.037,0.0,0.0,0.0,0.0,0.0,0.0,por,0.0429,True
Coco,coco,,15132919,"Outros óleos de ""palmiste""",Los demás aceites de palmiste,Other palm kernel oil,0.0357,0.0152,0.04,0.0,0.0,0.0,0.0,0.0,0.0,ing,0.04,True
Coco,coco,,20079929,Purês de outras frutas,Los purés de otras frutas,Mashed of other fruits,0.0192,0.0345,0.0385,0.0,0.0,0.0,0.0,0.0,0.0,ing,0.0385,True
Coco,coco,,21069060,"Caramelos, confeitos, pastilhas e produtos semelhantes, sem açúcar","Caramelos, confites, pastillas y productos simil.s/azúcar","Caramels, sweets, tablets and similar prod., ithout sugar",0.0224,0.0339,0.0263,0.0,0.0,0.0,0.0,0.0,0.0,esp,0.0339,True
Coco,coco,,57022000,"Revestimentos para pisos (pavimentos), de cairo (fibras de coco)",Revestimiento para el suelo de fibras de coco,"Covering for pavement, of coir (coconut fibres)",1.0,1.0,0.0417,1.0,1.0,0.0,0.0,0.0,0.0,por,1.0,False
Coco,coco,,20098921,"Água de coco (Cocos nucifera) com valor Brix não superior a 7,4","Água de coco (Cocos nucifera) com valor Brix não superior a 7,4","Água de coco (Cocos nucifera) com valor Brix não superior a 7,4",1.0,1.0,1.0,1.0,1.0,1.0,0.0,0.0,0.0,por,1.0,False
Coco,coco,,20098922,"Água de coco (Cocos nucifera) com valor Brix superior a 7,4","Água de coco (Cocos nucifera) com valor Brix superior a 7,4","Água de coco (Cocos nucifera) com valor Brix superior a 7,4",1.0,1.0,1.0,1.0,1.0,1.0,0.0,0.0,0.0,por,1.0,False
CopaibaOleo,copaiba,copaiba,15159090,"Outras gorduras e óleos vegetais, mesmo refinado","Las demás grasas y aceites vegetales, incluso refinados","Other fixed vegetable fats and oils, refined or not",0.037,0.0246,0.0263,0.0,0.0,0.0,0.0,0.0,0.0,por,0.037,True
Fava,fava,,07135010,"Favas (Vicia faba var. major) e fava forrageira (Vicia faba var. equina, Vicia faba var. minor), secas, para semeadura","Habas, haba caballar y haba menor, secas, para siembra","Dried broad beans/horse beans, for sowing",1.0,0.0182,0.0114,1.0,0.0,0.0,0.0,0.0,0.0,por,1.0,True
Fava,fava,,07135090,"Outras favas (Vicia faba var. major) e fava forrageira (Vicia faba var. equina, Vicia faba var. minor), secas, em grãos","Las demás habas, haba caballar y haba menor, secas, desvainadas","Other dried broad beans/horse beans, in grain",1.0,0.0234,0.0208,1.0,0.0,0.0,0.0,0.0,0.0,por,1.0,True
Feijao,feijao,,07133590,"Feijão-fradinho, exceto para semeadura","Frijole-fradinho (vigna unguiculata), exc. para siembra","Fradinho bean (vigna unguiculata), except for sowing",1.0,0.0439,0.0455,1.0,0.0,0.0,0.0,0.0,0.0,por,1.0,True
Feijao,feijao,,07133210,"Feijão-adzuki (Phaseolus ou Vigna angularis), seco, para semeadura","Judía adzuki,  seca,  para siembra",Dried small red(adzuk)beans(phas./vigna angul.)forsowing,1.0,0.0417,0.0167,1.0,0.0,0.0,0.0,0.0,0.0,por,1.0,True
Feijao,feijao,,07133311,"Feijão comum ((Phaseolus vulgaris), preto, seco, para semeadura","Judía común, negra, seca, para siembra",Dried kidney beans(phas. vulgaris)incl.black/for sowing,1.0,0.0366,0.0167,1.0,0.0,0.0,0.0,0.0,0.0,por,1.0,True
Feijao,feijao,,07133321,"Feijão comum, branco, seco, para semeadura","Judía común, blanca, seca, para siembra","Dried kidney beans, incl.white beans for sowing",1.0,0.0357,0.0192,1.0,0.0,0.0,0.0,0.0,0.0,por,1.0,True
Feijao,feijao,,07133410,"Feijão-bambara (Vigna subterranea ou Voandzeia subterranea), para semeadura","Frijole-bambara (vigna subterranea), para siembra","Bambara bean (vigna subterranea), for sowing",1.0,0.0385,0.0213,1.0,0.0,0.0,0.0,0.0,0.0,por,1.0,True
Feijao,feijao,,07133490,"Feijão-bambara (Vigna subterranea ou Voandzeia subterranea), exceto para semeadura","Frijole-bambara(vigna subterranea),excepto para siembra","Bambara bean (vigna subterranea), except for sowing",1.0,0.0417,0.0185,1.0,0.0,0.0,0.0,0.0,0.0,por,1.0,True
Feijao,feijao,,07133510,"Feijão-fradinho (Vigna unguiculata), para semeadura","Frijole-fradinho (vigna unguiculata), para siembra","Fradinho bean (vigna unguiculata), for sowing",1.0,0.0472,0.0521,1.0,0.0,0.0,0.0,0.0,0.0,por,1.0,True
Feijao,feijao,,07136010,"Feijão-guando (Cajanus cajan), para semeadura","Frijole-guando (cajanus cajan), para siembra","Guando bean (cajanus cajan), for sowing",1.0,0.0532,0.0476,1.0,0.0,0.0,0.0,0.0,0.0,por,1.0,True
Feijao,feijao,,07136090,"Feijão-guando (Cajanus cajan), exceto para semeadura","Frijole-guando (cajanus cajan), excepto para siembra","Guando bean (cajanus cajan), except for sowing",1.0,0.0455,0.0408,1.0,0.0,0.0,0.0,0.0,0.0,por,1.0,True
Goiaba,goiaba,,20079924,Purês de goiaba (Psidium guajava),Guayaba puré (Psidium guajava),Mashed guava (Psidium guajava),1.0,0.0588,0.0588,1.0,0.0,0.0,0.0,0.0,0.0,por,1.0,True
Goiaba,goiaba,,08045010,Goiabas frescas ou secas,Guayabas frescas o secas,Fresh/dried guavas,0.1,0.0667,0.0625,0.0,0.0,0.0,0.0,0.0,0.0,por,0.1,True
Goiaba,goiaba,,08045000,"Goiabas, mangas e mangostões, frescos ou secos","Guayabas, mangos, mangostanes, frescos o secos",Fresh/dried guavas/mangoes/mangosteens,0.06,0.0408,0.0341,0.0,0.0,0.0,0.0,0.0,0.0,por,0.06,True
Goiaba,goiaba,,20079929,Purês de outras frutas,Los purés de otras frutas,Mashed of other fruits,0.0536,0.0484,0.0357,0.0,0.0,0.0,0.0,0.0,0.0,por,0.0536,True
Goiaba,goiaba,,21069010,Outras preparações para elaboração de bebidas,Las demás preparaciones para la elabor.de bebidas,Other preparations for elaboration of drinks,0.0392,0.0364,0.05,0.0,0.0,0.0,0.0,0.0,0.0,ing,0.05,True
Goiaba,goiaba,,20079990,"Doces, pures e pastas, de outras frutas","Confituras, purés y pastas, de otros frutos","Jams, purée, pastes, of other fruits",0.0349,0.0426,0.0256,0.0,0.0,0.0,0.0,0.0,0.0,esp,0.0426,True
Goiaba,goiaba,,20098990,"Sucos (sumo) de outras frutas, não fermentado, sem adição de açúcar","Jugo de otras frutas, sin fermentar, sin adición azúcar","Other fruit juice, unfermented, without added sugar",0.029,0.0424,0.0182,0.0,0.0,0.0,0.0,0.0,0.0,esp,0.0424,True
Goiaba,goiaba,,21069090,Outras preparações alimentícias,Las demás preparaciones alimenticias,Other food preparations,0.0405,0.0357,0.0345,0.0,0.0,0.0,0.0,0.0,0.0,por,0.0405,True
Goiaba,goiaba,,21069060,"Caramelos, confeitos, pastilhas e produtos semelhantes, sem açúcar","Caramelos, confites, pastillas y productos simil.s/azúcar","Caramels, sweets, tablets and similar prod., ithout sugar",0.029,0.0328,0.0254,0.0,0.0,0.0,0.0,0.0,0.0,esp,0.0328,True
Laranja,laranja,,33011210,"Óleo essencial, de laranja, de petit grain","Aceite esencial,  de ""petit grain"" de naranja","Essential oil, of petit grain",1.0,0.0729,0.0571,1.0,0.0,0.0,0.0,0.0,0.0,por,1.0,True
Laranja,laranja,,33011290,"Outros óleos essenciais, de laranja","Los demás aceites esenciales,  de naranja","Other essential oils, of orange",1.0,0.0761,0.0541,1.0,0.0,0.0,0.0,0.0,0.0,por,1.0,True
Laranja,laranja,,20091100,"Suco (sumo) de laranja, não fermentados, sem adição de álcool, com ou sem adição de açúcar ou de outros edulcorantes, congelado","Jugo de naranja, congelado, sin fermentar","Frozen/unfermented, orange juice",1.0,0.0652,0.0526,1.0,0.0,0.0,0.0,0.0,0.0,por,1.0,True
Laranja,laranja,,20091200,"Suco (sumo) de laranja, não fermentados, sem adição de álcool, com ou sem adição de açúcar ou de outros edulcorantes, não congelado, com valor Brix não superior a 20","Jugo de naranja, sin congelar, con valor brix <= 20","Orange juice, not frozen, brix value <= 20",1.0,0.0566,0.0568,1.0,0.0,0.0,0.0,0.0,0.0,por,1.0,True
Laranja,laranja,,08051000,"Laranjas, frescas ou secas",Naranjas frescas o secas,Fresh/dried oranges,0.1094,0.0968,0.0577,0.0,0.0,0.0,0.0,0.0,0.0,por,0.1094,True
Laranja,laranja,,20091900,"Outros sucos de laranjas, não fermentados, sem adição de álcool, com ou sem adição de açúcar ou de outros edulcorantes","Los demás jugos de naranjas,  sin fermentar","Other unfermented, orange juice",0.0287,0.0729,0.0541,0.0,0.0,0.0,0.0,0.0,0.0,esp,0.0729,True
Laranja,laranja,,21069090,Outras preparações alimentícias,Las demás preparaciones alimenticias,Other food preparations,0.0658,0.0698,0.0667,0.0,0.0,0.0,0.0,0.0,0.0,esp,0.0698,True
Laranja,laranja,,20079929,Purês de outras frutas,Los purés de otras frutas,Mashed of other fruits,0.0517,0.0625,0.0345,0.0,0.0,0.0,0.0,0.0,0.0,esp,0.0625,True
Laranja,laranja,,20079910,"Geleias e marmelades, de outras frutas","Jaleas y mermeladas, de otros frutos","Jellies, marmalades, of other fruits",0.0568,0.0357,0.0366,0.0,0.0,0.0,0.0,0.0,0.0,por,0.0568,True
Laranja,laranja,,21069010,Outras preparações para elaboração de bebidas,Las demás preparaciones para la elabor.de bebidas,Other preparations for elaboration of drinks,0.0385,0.0536,0.049,0.0,0.0,0.0,0.0,0.0,0.0,esp,0.0536,True
Laranja,laranja,,20079990,"Doces, pures e pastas, de outras frutas","Confituras, purés y pastas, de otros frutos","Jams, purée, pastes, of other fruits",0.0455,0.0312,0.025,0.0,0.0,0.0,0.0,0.0,0.0,por,0.0455,True
Laranja,laranja,,20098990,"Sucos (sumo) de outras frutas, não fermentado, sem adição de açúcar","Jugo de otras frutas, sin fermentar, sin adición azúcar","Other fruit juice, unfermented, without added sugar",0.0143,0.0417,0.0179,0.0,0.0,0.0,0.0,0.0,0.0,esp,0.0417,True
Laranja,laranja,,21069060,"Caramelos, confeitos, pastilhas e produtos semelhantes, sem açúcar","Caramelos, confites, pastillas y productos simil.s/azúcar","Caramels, sweets, tablets and similar prod., ithout sugar",0.0357,0.0403,0.0333,0.0,0.0,0.0,0.0,0.0,0.0,esp,0.0403,True
Laranja,laranja,,28249010,Mínio (zarcão) e mínio-laranja (mine-orange),Minio y minio anaranjado,Red lead and orange lead,1.0,0.0968,0.0968,1.0,0.0,0.0,0.0,0.0,0.0,por,1.0,False
Laranja,laranja,,28242000,Mínio (zarcão) e mínio-laranja (mine-orange),Minio y minio anaranjado,Red lead and orange lead,1.0,0.0968,0.0968,1.0,0.0,0.0,0.0,0.0,0.0,por,1.0,False
Lenha,lenha,,44011100,"Lenha em qualquer forma, de coníferas","Leña en cualquier forma, de coníferas","Firewood in any form, coniferous",1.0,0.0488,0.0417,1.0,0.0,0.0,0.0,0.0,0.0,por,1.0,True
Lenha,lenha,,44011200,"Lenha em qualquer forma, de não coníferas",Leña en cualquier forma de no coníferas,Firewood in any form of non-coniferous,1.0,0.0455,0.0349,1.0,0.0,0.0,0.0,0.0,0.0,por,1.0,True
Lenha,lenha,,44011000,Lenha em qualquer estado,Leña en cualquier estado,Firewood in any state,1.0,0.069,0.0577,1.0,0.0,0.0,0.0,0.0,0.0,por,1.0,True
Lima,lima,,33011400,"Óleo essencial, de lima","Aceite esencial, de lima","Essential oil, of lime",1.0,1.0,0.06,1.0,1.0,0.0,0.0,0.0,0.0,por,1.0,True
Lima,lima,,33011910,Óleos essenciais de lima,"Aceite esencial, de lima","Essential oil, of lime",1.0,1.0,0.06,1.0,1.0,0.0,0.0,0.0,0.0,por,1.0,True
Lima,lima,,08053000,"Limões e limas, frescos ou secos","Limones y limas, frescos o secos",Fresh or dried lemons and sweet oranges,0.0571,0.0571,0.0349,0.0,0.0,0.0,0.0,0.0,0.0,por,0.0571,True
Lima,lima,,08055000,"Limões (Citrus limon, Citrus limonum) e limas (Citrus aurantifolia, Citrus latifolia), frescos ou secos","Limones y limas,  frescos o secos",Fresh/dried lemons and sweet oranges,0.02,0.0571,0.0375,0.0,0.0,0.0,0.0,0.0,0.0,esp,0.0571,True
Limao,limao,limao; limon; lemon,33011300,"Óleo essencial, de limão","Aceite esencial, de limón","Essential oil, of lemon",1.0,1.0,1.0,1.0,0.0,0.0,1.0,1.0,1.0,por,1.0,True
Limao,limao,limao; limon; lemon,08055000,"Limões (Citrus limon, Citrus limonum) e limas (Citrus aurantifolia, Citrus latifolia), frescos ou secos","Limones y limas,  frescos o secos",Fresh/dried lemons and sweet oranges,1.0,0.0694,0.0488,0.0,0.0,0.0,1.0,0.0,0.0,por,1.0,True
Limao,limao,limao; limon; lemon,08053000,"Limões e limas, frescos ou secos","Limones y limas, frescos o secos",Fresh or dried lemons and sweet oranges,0.0694,0.0694,0.0455,0.0,0.0,0.0,0.0,0.0,0.0,por,0.0694,True
Limao,limao,limao; limon; lemon,20079910,"Geleias e marmelades, de outras frutas","Jaleas y mermeladas, de otros frutos","Jellies, marmalades, of other fruits",0.0595,0.05,0.0641,0.0,0.0,0.0,0.0,0.0,0.0,ing,0.0641,True
Limao,limao,limao; limon; lemon,20079929,Purês de outras frutas,Los purés de otras frutas,Mashed of other fruits,0.0185,0.0333,0.0556,0.0,0.0,0.0,0.0,0.0,0.0,ing,0.0556,True
Limao,limao,limao; limon; lemon,21069090,Outras preparações alimentícias,Las demás preparaciones alimenticias,Other food preparations,0.0556,0.0488,0.0357,0.0,0.0,0.0,0.0,0.0,0.0,por,0.0556,True
Limao,limao,limao; limon; lemon,21069060,"Caramelos, confeitos, pastilhas e produtos semelhantes, sem açúcar","Caramelos, confites, pastillas y productos simil.s/azúcar","Caramels, sweets, tablets and similar prod., ithout sugar",0.0294,0.0333,0.0431,0.0,0.0,0.0,0.0,0.0,0.0,ing,0.0431,True
Limao,limao,limao; limon; lemon,21069010,Outras preparações para elaboração de bebidas,Las demás preparaciones para la elabor.de bebidas,Other preparations for elaboration of drinks,0.03,0.037,0.0306,0.0,0.0,0.0,0.0,0.0,0.0,esp,0.037,True
Limao,limao,limao; limon; lemon,20098990,"Sucos (sumo) de outras frutas, não fermentado, sem adição de açúcar","Jugo de otras frutas, sin fermentar, sin adición azúcar","Other fruit juice, unfermented, without added sugar",0.0221,0.0345,0.0278,0.0,0.0,0.0,0.0,0.0,0.0,esp,0.0345,True
Limao,limao,limao; limon; lemon,20079990,"Doces, pures e pastas, de outras frutas","Confituras, purés y pastas, de otros frutos","Jams, purée, pastes, of other fruits",0.0238,0.0326,0.0132,0.0,0.0,0.0,0.0,0.0,0.0,esp,0.0326,True
Limao,limao,limao; limon; lemon,20089790,"Misturas de frutas preparadas,conservadas de outro modo","Mezclas de fruta preparadas, conservadas de otro modo","Mixtures of prepared fruit, otherwise preserved",0.025,0.0263,0.0294,0.0,0.0,0.0,0.0,0.0,0.0,ing,0.0294,True
Limao,limao,limao; limon; lemon,20089710,"Misturas de frutas preparadas em água edulcorada, inclusive corantes","Mezclas de frutas, preparadas en agua edulcorada","Mixtures of fruits, prepared in water sweetened",0.0208,0.0288,0.0196,0.0,0.0,0.0,0.0,0.0,0.0,esp,0.0288,True
Mamao,mamao,,13021910,"Sucos e extratos, de mamão (Carica papaya), seco","Jugos y extractos, de mamón (""carica papaya""), seco","Juices and extracts,  of papaya (""carica papaya""), dried",1.0,0.05,0.0278,1.0,0.0,0.0,0.0,0.0,0.0,por,1.0,True
Mamao,mamao,,20079927,Purês de mamão (papaia) (Carica papaya L.),Purês de mamão (papaia) (Carica papaya L.),Purês de mamão (papaia) (Carica papaya L.),1.0,1.0,1.0,1.0,1.0,1.0,0.0,0.0,0.0,por,1.0,True
Mamao,mamao,,08072000,Mamões (papaias) frescos,Papayas frescas,Fresh papaws (papayas),0.0926,0.05,0.04,0.0,0.0,0.0,0.0,0.0,0.0,por,0.0926,True
Mamao,mamao,,20079910,"Geleias e marmelades, de outras frutas","Jaleas y mermeladas, de otros frutos","Jellies, marmalades, of other fruits",0.0595,0.05,0.0641,0.0,0.0,0.0,0.0,0.0,0.0,ing,0.0641,True
Mamao,mamao,,21069090,Outras preparações alimentícias,Las demás preparaciones alimenticias,Other food preparations,0.0278,0.0488,0.0536,0.0,0.0,0.0,0.0,0.0,0.0,ing,0.0536,True
Mamao,mamao,,20079990,"Doces, pures e pastas, de outras frutas","Confituras, purés y pastas, de otros frutos","Jams, purée, pastes, of other fruits",0.0357,0.0326,0.0526,0.0,0.0,0.0,0.0,0.0,0.0,ing,0.0526,True
Mamao,mamao,,21069010,Outras preparações para elaboração de bebidas,Las demás preparaciones para la elabor.de bebidas,Other preparations for elaboration of drinks,0.03,0.037,0.0306,0.0,0.0,0.0,0.0,0.0,0.0,esp,0.037,True
Mamao,mamao,,20089790,"Misturas de frutas preparadas,conservadas de outro modo","Mezclas de fruta preparadas, conservadas de otro modo","Mixtures of prepared fruit, otherwise preserved",0.0333,0.0351,0.0294,0.0,0.0,0.0,0.0,0.0,0.0,esp,0.0351,True
Mamao,mamao,,20098990,"Sucos (sumo) de outras frutas, não fermentado, sem adição de açúcar","Jugo de otras frutas, sin fermentar, sin adición azúcar","Other fruit juice, unfermented, without added sugar",0.0294,0.0345,0.0278,0.0,0.0,0.0,0.0,0.0,0.0,esp,0.0345,True
Mamao,mamao,,21069060,"Caramelos, confeitos, pastilhas e produtos semelhantes, sem açúcar","Caramelos, confites, pastillas y productos simil.s/azúcar","Caramels, sweets, tablets and similar prod., ithout sugar",0.0294,0.0333,0.0345,0.0,0.0,0.0,0.0,0.0,0.0,ing,0.0345,True
Mandioca,mandioca,,11081400,Fécula de mandioca,Fécula de mandioca,Manioc (cassava) starch,1.0,1.0,0.1207,1.0,1.0,0.0,0.0,0.0,0.0,por,1.0,True
Mandioca,mandioca,,07141000,"Raízes de mandioca, frescas, refrigeradas, congeladas ou secas","Raíces de mandioca, frescas, refriger.congeladas o secas",Fresh/chilled/frozen/dried roots of manioc(cassava),1.0,1.0,0.0603,1.0,1.0,0.0,0.0,0.0,0.0,por,1.0,True
Maracuja,maracuja,,20098913,Suco de maracujá (Passiflora edulis) com adição de açúcar e outros edulcorantes ou não,Jugo de maracuyá (Passiflora edulis) con adición de azúcar y otros edulcorantes o no,Passion fruit juice (Passiflora edulis) with added sugar and other sweeteners or not,1.0,0.0389,0.0167,1.0,0.0,0.0,0.0,0.0,0.0,por,1.0,True
Maracuja,maracuja,,08109015,Maracujás (Passiflora edulis),Maracujás (Passiflora edulis),Maracujás (Passiflora edulis),0.1143,0.1143,0.1143,0.0,0.0,0.0,0.0,0.0,0.0,por,0.1143,True
Melancia,melancia,,08071100,Melancias frescas,Sandías frescas,Fresh watermelons,0.16,0.087,0.08,0.0,0.0,0.0,0.0,0.0,0.0,por,0.16,True
Melancia,melancia,,21069090,Outras preparações alimentícias,Las demás preparaciones alimenticias,Other food preparations,0.0769,0.0682,0.0484,0.0,0.0,0.0,0.0,0.0,0.0,por,0.0769,True
Melancia,melancia,,20089710,"Misturas de frutas preparadas em água edulcorada, inclusive corantes","Mezclas de frutas, preparadas en agua edulcorada","Mixtures of fruits, prepared in water sweetened",0.0333,0.0636,0.0463,0.0,0.0,0.0,0.0,0.0,0.0,esp,0.0636,True
Melancia,melancia,,08140000,"Cascas de frutos cítricos, de melões ou de melancias, frescas, secas, congeladas ou apresentadas em água salgada, sulfurada ou adicionada de outras substâncias destinadas a assegurar transitoriamente a sua conservação","Corteza de agrios, melones, sandías, frescas, secas, etc","Peel of citrus fruit, melons, watermelons, fresh, dried, etc",0.0,0.0593,0.0476,0.0,0.0,0.0,0.0,0.0,0.0,esp,0.0593,True
Melancia,melancia,,20079910,"Geleias e marmelades, de outras frutas","Jaleas y mermeladas, de otros frutos","Jellies, marmalades, of other fruits",0.0556,0.0581,0.0476,0.0,0.0,0.0,0.0,0.0,0.0,esp,0.0581,True
Melancia,melancia,,20098990,"Sucos (sumo) de outras frutas, não fermentado, sem adição de açúcar","Jugo de otras frutas, sin fermentar, sin adición azúcar","Other fruit juice, unfermented, without added sugar",0.0352,0.0574,0.0351,0.0,0.0,0.0,0.0,0.0,0.0,esp,0.0574,True
Melancia,melancia,,21069060,"Caramelos, confeitos, pastilhas e produtos semelhantes, sem açúcar","Caramelos, confites, pastillas y productos simil.s/azúcar","Caramels, sweets, tablets and similar prod., ithout sugar",0.0493,0.0556,0.0574,0.0,0.0,0.0,0.0,0.0,0.0,ing,0.0574,True
Melancia,melancia,,21069010,Outras preparações para elaboração de bebidas,Las demás preparaciones para la elabor.de bebidas,Other preparations for elaboration of drinks,0.0566,0.0526,0.0481,0.0,0.0,0.0,0.0,0.0,0.0,por,0.0566,True
Melancia,melancia,,20089790,"Misturas de frutas preparadas,conservadas de outro modo","Mezclas de fruta preparadas, conservadas de otro modo","Mixtures of prepared fruit, otherwise preserved",0.0397,0.05,0.037,0.0,0.0,0.0,0.0,0.0,0.0,esp,0.05,True
Melancia,melancia,,20079990,"Doces, pures e pastas, de outras frutas","Confituras, purés y pastas, de otros frutos","Jams, purée, pastes, of other fruits",0.0333,0.0306,0.0488,0.0,0.0,0.0,0.0,0.0,0.0,ing,0.0488,True
Milho,milho,,07099011,"Milho doce, para semeadura","Maíz dulce, para siembra","Sweet corn, for sowing",1.0,0.0536,0.0192,1.0,0.0,0.0,0.0,0.0,0.0,por,1.0,True
Milho,milho,,07099019,"Milho doce, fresco ou refrigerad, exceto para semeadura","Maíz dulce,  fresco o refrigerado,  excepto para siembra","Fresh/chilled sweet corn, except for sowing",1.0,0.0351,0.0319,1.0,0.0,0.0,0.0,0.0,0.0,por,1.0,True
Milho,milho,,23067000,"Tortas e outros resíduos sólidos, do germe de milho","Tortas y demás residuos sólidos, de germen de maíz","Oil-cake and other solid residues, of maize germ",1.0,0.037,0.0385,1.0,0.0,0.0,0.0,0.0,0.0,por,1.0,True
Milho,milho,,23069010,"Tortas, resíduos, etc, de germe de milho","Tortas, residuos, etc, de germen de trigo","Oil cake, residues, etc, of wheat germ",1.0,0.0349,0.0375,1.0,0.0,0.0,0.0,0.0,0.0,por,1.0,True
Milho,milho,,11042300,"Outros grãos trabalhados (por exemplo, descascados, em pérolas, cortados ou partidos), de milho","Granos de maíz, descascarillados, perlados, cortados, etc","Grains of corn, shelled, in pearls, cut, etc.",1.0,0.0345,0.0222,1.0,0.0,0.0,0.0,0.0,0.0,por,1.0,True
Milho,milho,,11081200,Amido de milho,Almidón de maíz,Maize (corn) starch,1.0,0.075,0.0682,1.0,0.0,0.0,0.0,0.0,0.0,por,1.0,True
Milho,milho,,10051000,Milho para semeadura,Maíz para siembra,Corn seed,1.0,0.0455,0.0357,1.0,0.0,0.0,0.0,0.0,0.0,por,1.0,True
Milho,milho,,10059010,"Milho em grão, exceto para semeadura","Maíz en grano, excepto para siembra","Maize (corn) in grain, except for sowing",1.0,0.0385,0.0357,1.0,0.0,0.0,0.0,0.0,0.0,por,1.0,True
Milho,milho,,10059090,"Milho, exceto em grão","Maíz, excepto en grano","Maize (corn), except in grain",1.0,0.0577,0.0484,1.0,0.0,0.0,0.0,0.0,0.0,por,1.0,True
Milho,milho,,11022000,Farinha de milho,Harina de maíz,Maize (corn) flour,1.0,0.0526,0.0952,1.0,0.0,0.0,0.0,0.0,0.0,por,1.0,True
Milho,milho,,11031300,"Grumos e sêmolas, de milho","Grañones y sémolas, de maíz",Maize groats and meal,1.0,0.0323,0.0577,1.0,0.0,0.0,0.0,0.0,0.0,por,1.0,True
Milho,milho,,07099911,"Milho doce, frescos ou refrigerados, para semeadura","Maíz dulce, para siembra",Sweet corn for sowing,1.0,0.0536,0.0192,1.0,0.0,0.0,0.0,0.0,0.0,por,1.0,True
Milho,milho,,07099919,"Milho doce, frescos ou refrigerados, exceto para semeadura","Maíz dulce, fresco o refrigerado, excep para siembra","Sweet corn, fresh or chilled, except for sowing",1.0,0.0364,0.03,1.0,0.0,0.0,0.0,0.0,0.0,por,1.0,True
Milho,milho,,07104000,"Milho doce congelado, não cozidos ou cozidos em água ou vapor, congelados","Maíz dulce congelado, aunque esté cocido en agua/vapor",Sweet corn(froz/uncooked/cooked by steam/boiling water),1.0,0.0345,0.0254,1.0,0.0,0.0,0.0,0.0,0.0,por,1.0,True
Milho,milho,,15152100,"Óleo de milho, em bruto","Aceite de maíz, en bruto","Maize (corn) oil, in crude",1.0,0.0536,0.0536,1.0,0.0,0.0,0.0,0.0,0.0,por,1.0,True
Milho,milho,,15152900,Outros óleos de milho,Los demás aceites de maíz,Other maize (corn) oil,1.0,0.0333,0.06,1.0,0.0,0.0,0.0,0.0,0.0,por,1.0,True
Milho,milho,,23021000,"Sêmeas, farelos e outros resíduos, mesmo em pellets, da peneiração, moagem ou de outros tratamentos de milho","Salvados, moyuelos y dem.residuos del cernido, de maíz","Bran, sharps and other residues, of maize",1.0,0.0351,0.0227,1.0,0.0,0.0,0.0,0.0,0.0,por,1.0,True
Milho,milho,,20058000,"Milho doce (Zea mays var. saccharata), preparados ou conservados, exceto em vinagre ou em ácido acético, não congelados","Maíz dulce, preparado o conservado, sin congelar","Sweet corn, prepared/preserved, not frozen",1.0,0.0392,0.0111,1.0,0.0,0.0,0.0,0.0,0.0,por,1.0,True
Milho,milho,,15152910,"Óleo de milho, refinado, em recipientes com capacidade inferior ou igual a 5 litros","Aceite de maíz, refinado, en envases c/capacidad<=5l","Maize (corn) oil, refined, in container with capacity<=5l",1.0,0.0278,0.0351,1.0,0.0,0.0,0.0,0.0,0.0,por,1.0,True
Milho,milho,,20079929,Purês de outras frutas,Los purés de otras frutas,Mashed of other fruits,0.0185,0.0333,0.037,0.0,0.0,0.0,0.0,0.0,0.0,ing,0.037,True
Milho,milho,,21069090,Outras preparações alimentícias,Las demás preparaciones alimenticias,Other food preparations,0.0278,0.0366,0.0357,0.0,0.0,0.0,0.0,0.0,0.0,esp,0.0366,True
Milho,milho,,15152990,Outros óleos de milho,Los demás aceites de maíz,Other maize (corn) oil,1.0,0.0333,0.06,1.0,0.0,0.0,0.0,0.0,0.0,por,1.0,False
PalmitoInNatura,palmito,,20089100,Palmitos preparados ou conservados,Palmitos preparados o conservados,"Palm heart, prepared or preserved",0.0854,0.0875,0.0769,0.0,0.0,0.0,0.0,0.0,0.0,esp,0.0875,True
PalmitoInNatura,palmito,,21069090,Outras preparações alimentícias,Las demás preparaciones alimenticias,Other food preparations,0.0658,0.0581,0.0667,0.0,0.0,0.0,0.0,0.0,0.0,ing,0.0667,True
Pimenta,pimenta,,07096000,"Pimentões e pimentas dos gêneros Capsicum ou Pimenta, frescos ou refrigerados","Ajíes y pimientos, frescos o refrigerados",Fresh/chilled fruits of the genus capsicum or pimenta,1.0,0.0745,1.0,1.0,0.0,1.0,0.0,0.0,0.0,por,1.0,True
Pimenta,pimenta,,09041100,"Pimenta (do gênero Piper), não triturada nem em pó","Pimienta del género piper, seca",Dried pepper,1.0,0.0946,0.0526,1.0,0.0,0.0,0.0,0.0,0.0,por,1.0,True
Pimenta,pimenta,,09041200,"Pimenta (do gênero Piper), triturada ou em pó","Pimienta del género piper, triturada o en polvo","Pepper of the genus piper, crushed or ground",1.0,0.066,0.04,1.0,0.0,0.0,0.0,0.0,0.0,por,1.0,True
Pimenta,pimenta,,09042000,"Pimentões e pimentas ""capsicum""/""pimenta"", secos, pó, etc.","Ajís y pimientas""capsicum""/""pimienta"", secos, polvo, etc","Fruits of the genus capsicum/pimenta, dried/ground/etc.",1.0,0.0614,1.0,1.0,0.0,1.0,0.0,0.0,0.0,por,1.0,True
Pimenta,pimenta,,09042100,"Pimentões e pimentas dos gêneros Capsicum ou Pimenta, secos, não triturados nem em pó","Pimienta y morrón, secos, no triturados ni pulverizados","Pepper and green bell pepper, dried, not crushed or po.",1.0,0.0583,0.0339,1.0,0.0,0.0,0.0,0.0,0.0,por,1.0,True
Pimenta,pimenta,,09042200,"Pimentões e pimentas dos gêneros Capsicum ou Pimenta, triturados ou em pó","Pimienta y morrón, secos, triturados o pulverizados","Pepper and green bell pepper, dried, crushed or powder.",1.0,0.0625,0.0254,1.0,0.0,0.0,0.0,0.0,0.0,por,1.0,True
Pimenta,pimenta,,33012400,"Óleo essencial, de hortelã-pimenta (Mentha piperita)","Aceite esencial, de menta piperita (mentha piperita)","Essential oil, of peppermint (mentha piperita)",1.0,0.0536,0.07,1.0,0.0,0.0,0.0,0.0,0.0,por,1.0,False
PimentaDoReino,pimenta reino,pimenta do reino; piper; pepper,09041100,"Pimenta (do gênero Piper), não triturada nem em pó","Pimienta del género piper, seca",Dried pepper,1.0,1.0,1.0,0.5,0.0,0.0,1.0,1.0,1.0,por,1.0,True
PimentaDoReino,pimenta reino,pimenta do reino; piper; pepper,09041200,"Pimenta (do gênero Piper), triturada ou em pó","Pimienta del género piper, triturada o en polvo","Pepper of the genus piper, crushed or ground",1.0,1.0,1.0,0.5,0.0,0.0,1.0,1.0,1.0,por,1.0,True
PimentaDoReino,pimenta reino,pimenta do reino; piper; pepper,21069090,Outras preparações alimentícias,Las demás preparaciones alimenticias,Other food preparations,0.0795,0.0714,0.0694,0.0,0.0,0.0,0.0,0.0,0.0,por,0.0795,True
PimentaDoReino,pimenta reino,pimenta do reino; piper; pepper,09042100,"Pimentões e pimentas dos gêneros Capsicum ou Pimenta, secos, não triturados nem em pó","Pimienta y morrón, secos, no triturados ni pulverizados","Pepper and green bell pepper, dried, not crushed or po.",0.5,0.0909,1.0,0.5,0.0,0.0,0.0,0.0,1.0,ing,1.0,False
PimentaDoReino,pimenta reino,pimenta do reino; piper; pepper,09042200,"Pimentões e pimentas dos gêneros Capsicum ou Pimenta, triturados ou em pó","Pimienta y morrón, secos, triturados o pulverizados","Pepper and green bell pepper, dried, crushed or powder.",0.5,0.0968,1.0,0.5,0.0,0.0,0.0,0.0,1.0,ing,1.0,False
PimentaDoReino,pimenta reino,pimenta do reino; piper; pepper,33012400,"Óleo essencial, de hortelã-pimenta (Mentha piperita)","Aceite esencial, de menta piperita (mentha piperita)","Essential oil, of peppermint (mentha piperita)",0.5,0.0806,0.0893,0.5,0.0,0.0,0.0,0.0,0.0,por,0.5,False
PimentaDoReino,pimenta reino,pimenta do reino; piper; pepper,07096000,"Pimentões e pimentas dos gêneros Capsicum ou Pimenta, frescos ou refrigerados","Ajíes y pimientos, frescos o refrigerados",Fresh/chilled fruits of the genus capsicum or pimenta,0.5,0.1038,0.5,0.5,0.0,0.5,0.0,0.0,0.0,por,0.5,False
PimentaDoReino,pimenta reino,pimenta do reino; piper; pepper,09042000,"Pimentões e pimentas ""capsicum""/""pimenta"", secos, pó, etc.","Ajís y pimientas""capsicum""/""pimienta"", secos, polvo, etc","Fruits of the genus capsicum/pimenta, dried/ground/etc.",0.5,0.0794,0.5,0.5,0.0,0.5,0.0,0.0,0.0,por,0.5,False
Soja,soja,,12081000,Farinha de soja,Harina de soja,Soy flour,1.0,1.0,0.0769,1.0,1.0,0.0,0.0,0.0,0.0,por,1.0,True
Soja,soja,,21031090,"Outros molhos de soja, preparados","Las demás salsas de soja,  preparadas","Other soya sauce, prepared",1.0,1.0,0.0517,1.0,1.0,0.0,0.0,0.0,0.0,por,1.0,True
Soja,soja,,21031010,"Molho de soja, preparado, em embalagens imediatas de conteúdo inferior ou igual a 1 kg","Salsa de soja, prepar.envases inmediatos, de cont.<=1kg","Soya sauce, prepared, immediate packings, weighing<=1kg",1.0,1.0,0.0273,1.0,1.0,0.0,0.0,0.0,0.0,por,1.0,True
Soja,soja,,23040010,"Farinhas e pellets, da extração do óleo de soja","Harinas y pellets, de la extracción del aceite de soja","Flours and pellets, from the extraction of soya-bean oil",1.0,1.0,0.0254,1.0,1.0,0.0,0.0,0.0,0.0,por,1.0,True
Soja,soja,,23040090,"Bagaços e outros resíduos sólidos, da extração do óleo de soja","Tortas y dem.resid.sólidos, de extr.del aceite de soja","Soybean waste, solid",1.0,1.0,0.0652,1.0,1.0,0.0,0.0,0.0,0.0,por,1.0,True
Soja,soja,,12010010,Soja para semeadura,Soja para siembra,Soybean for sowing,1.0,1.0,0.0682,1.0,1.0,0.0,0.0,0.0,0.0,por,1.0,True
Soja,soja,,12010090,"Outros grãos de soja, mesmo triturados","Otros granos de soja, incluso quebrantados","Other soybeans, even crushed",1.0,1.0,0.0484,1.0,1.0,0.0,0.0,0.0,0.0,por,1.0,True
Soja,soja,,12011000,"Soja, mesmo triturada, para semeadura","Soja, incluso quebrantadas, para siembra","Soybeans, whether or not crushed, for sowing",1.0,1.0,0.0326,1.0,1.0,0.0,0.0,0.0,0.0,por,1.0,True
Soja,soja,,12019000,"Soja, mesmo triturada, exceto para semeadura","Soja, incluso quebrantadas, excepto para siembra","Soybeans, whether or not crushed, except for sowing",1.0,1.0,0.0283,1.0,1.0,0.0,0.0,0.0,0.0,por,1.0,True
Soja,soja,,15071000,"Óleo de soja, em bruto, mesmo degomado","Aceite de soja, en bruto, incluso desgomado","Crude soya-bean oil, whether or not degummed",1.0,1.0,0.0319,1.0,1.0,0.0,0.0,0.0,0.0,por,1.0,True
Soja,soja,,15079010,"Óleo de soja, refinado","Aceite de soja, refinado","Soya-bean oil, refined",1.0,1.0,0.06,1.0,1.0,0.0,0.0,0.0,0.0,por,1.0,True
Soja,soja,,15079011,"Óleo de soja, refinado, em recipientes com capacidade inferior ou igual a 5 litros","Aceite de soja, refinado, en envases c/capacidad<=5l","Soya-bean oil, refined, in containers with capacity<= 5l",1.0,1.0,0.0268,1.0,1.0,0.0,0.0,0.0,0.0,por,1.0,True
Soja,soja,,15079019,"Óleo de soja, refinado, em recipientes com capacidade menor que 5 litros","Aceite de soja, refinado, en envases c/capacidad>5l","Soya-bean oil, refined, in containers with capacity>5l",1.0,1.0,0.0268,1.0,1.0,0.0,0.0,0.0,0.0,por,1.0,True
Soja,soja,,15079090,Outros óleos de soja,Los demás aceites de soja,Other soya-bean oils,1.0,1.0,0.0625,1.0,1.0,0.0,0.0,0.0,0.0,por,1.0,True
Soja,soja,,35040020,"Proteínas de soja em pó, com teor de proteínas superior ou igual a 90 %, em peso, em base seca","Proteínas de soja polvo, c/cont.prot.en base seca>=90%","Powdered soya proteins, of a protein content of >=90%",1.0,1.0,0.0283,1.0,1.0,0.0,0.0,0.0,0.0,por,1.0,True
Soja,soja,,21069090,Outras preparações alimentícias,Las demás preparaciones alimenticias,Other food preparations,0.0429,0.0375,0.0185,0.0,0.0,0.0,0.0,0.0,0.0,por,0.0429,True
Soja,soja,,23099050,"Preparações com teor de cloridrato de ractopamina igual ou superior a 2 %, em peso, com suporte de farelo de soja, dos tipos utilizados na alimentação de animais",Preparaciones con clorhidrato de ractopamina => 2%,Preparations with ractopamine hydrochloride =>2%,1.0,0.03,0.0306,1.0,0.0,0.0,0.0,0.0,0.0,por,1.0,False
Tomate,tomate,,21032010,"Ketchup e outros molhos de tomate, preparado, em embalagens imediatas de conteúdo inferior ou igual a 1 kg","Ketchup y dem.sals.de tomate, env.inmed.de cont.<=1kg",Tomato ketchup and other tomato sauces immed.pac.w<=1kg,1.0,1.0,0.05,1.0,1.0,0.0,0.0,0.0,0.0,por,1.0,True
Tomate,tomate,,21032090,"Outros ketchup e molhos de tomate, preparados","Los dem.""ketchup"" y salsas de tomates,  preparados","Other tomato ketchup and other tomato sauces, prepared",1.0,0.0577,0.0508,1.0,0.0,0.0,0.0,0.0,0.0,por,1.0,True
Tomate,tomate,,20095000,"Sucos de tomates, não fermentados","Jugo de tomate, sin fermentar","Tomato juices, unfermented",0.0789,1.0,0.0968,0.0,1.0,0.0,0.0,0.0,0.0,esp,1.0,True
Tomate,tomate,,20029010,Sucos de tomates,Jugos de tomates,Tomatoe juice,0.1364,0.1364,0.1579,0.0,0.0,0.0,0.0,0.0,0.0,ing,0.1579,True
Tomate,tomate,,07020000,"Tomates, frescos ou refrigerados","Tomates, frescos o refrigerados","Tomato, fresh or chilled",0.0811,0.0833,0.1034,0.0,0.0,0.0,0.0,0.0,0.0,ing,0.1034,True
Tomate,tomate,,20079929,Purês de outras frutas,Los purés de otras frutas,Mashed of other fruits,0.0536,0.0484,0.0714,0.0,0.0,0.0,0.0,0.0,0.0,ing,0.0714,True
Tomate,tomate,,21069090,Outras preparações alimentícias,Las demás preparaciones alimenticias,Other food preparations,0.0541,0.0357,0.069,0.0,0.0,0.0,0.0,0.0,0.0,ing,0.069,True
Tomate,tomate,,20021000,"Tomates inteiros ou pedaços, preparados ou conservados, exceto em vinagre ou em ácido acético","Tomates enteros o en trozos,  preparados o conservados","Tomatoes, whole or in pieces, prepared or preserved",0.0309,0.0517,0.0545,0.0,0.0,0.0,0.0,0.0,0.0,ing,0.0545,True
Tomate,tomate,,20029090,"Outros tomates preparados ou conservados, exceto em vinagre ou em ácido acético",Los dem.tomates prepar.o conserv.exc.en vinagre/ác.acét,"Oth.tomatoes prep.preserved, exc.by vinegar/acetic acid",0.0357,0.0492,0.05,0.0,0.0,0.0,0.0,0.0,0.0,ing,0.05,True
Tomate,tomate,,20029000,"Outros tomates preparados ou conservados, exceto em vinagre ou em ácido acético, exceto tomates inteiros ou em pedaços","Otros tomates preparados o conservados (excepto en vinagre o en ácido acético), excepto enteros o en trozos","Other tomatoes prepared or preserved otherwise than by vinegar or acetic acid, other than whole or in pieces",0.0246,0.0273,0.0265,0.0,0.0,0.0,0.0,0.0,0.0,esp,0.0273,True
Urucum,urucum,,21069090,Outras preparações alimentícias,Las demás preparaciones alimenticias,Other food preparations,0.0541,0.0357,0.0172,0.0,0.0,0.0,0.0,0.0,0.0,por,0.0541,True
